Attendance_Rate,Prior_GPA,LMS_Logins,Weekly_Study_Hours,Assignment_Submission_Rate,Engagement_Score,Final_Academic_Performance
91.27,2.45,194,26.6,96.7,43.33,High
96.21,3.03,206,5.9,45.2,42.43,Medium
96.83,1.16,119,23.1,84.67,68.21,High
51.69,1.15,152,12.3,72.1,52.65,Medium
60.51,3.1,99,1.6,41.7,48.59,Low
44.72,3.98,278,37.6,38.89,76.61,High
97.95,3.57,298,12.5,91.83,28.27,High
52.15,3.77,183,34.8,43.64,81.43,Medium
68.48,3.41,115,21.1,64.98,84.31,Medium
46.34,1.66,172,1.4,74.74,83.43,Medium
40.97,1.31,234,10.5,87.45,52.15,High
59.29,3.3,259,37.2,50.39,38.77,Medium
87.9,3.7,169,24.8,69.51,66.05,High
45.7,1.92,264,21.9,68.42,64.89,High
58.21,2.82,37,22.3,43.42,46.35,Low
77.08,3.34,253,19.3,55.96,81.58,Medium
52.8,1.52,210,31.8,30.5,1.27,High
77.3,1.18,223,16.9,45.79,74.66,Medium
46.97,3.51,45,1,73.28,50.35,Low
98.9,1.24,269,37.6,40.17,64.95,Medium
75.62,1.11,256,26.8,91.63,98.83,High
45.84,1.31,251,29.6,43.21,93.32,Medium
79.72,1.74,248,29.4,85.53,32.87,Low
76.78,3.83,162,38.3,82.78,36.46,Medium
66.25,3.8,20,34.1,47.58,27.58,High
92.56,1.18,231,17.1,80.04,34.95,Low
83.5,2.91,123,20.8,65.79,55.38,High
56.95,2.12,75,6.4,97.84,29.76,High
77.59,3.44,93,28.7,32.32,24.71,Low
59.12,2.52,89,15.5,39.73,26.96,Medium
91.84,3.39,253,25.8,86.87,32.57,High
97.48,2.62,10,15.6,67.76,20.18,High
59.95,1.21,38,39.6,44.71,33.52,Medium
68.42,1.74,153,12.4,77.49,21.05,Medium
72.04,2.82,30,9.7,76.11,69.28,Medium
54.29,1.68,92,38.6,77.02,94.44,High
79.74,1.95,218,24.4,55.97,8.41,Medium
67.45,1.76,134,25.6,72.63,8.57,High
57.39,1.59,235,33.6,34.16,44.85,High
94.17,2.34,261,11.4,38.35,92.88,Medium
74.26,2.94,277,18,53.83,68.13,Medium
94.64,1.39,47,35.1,35.71,84.77,Medium
83.43,3.4,265,15.2,31.86,65.42,High
56.13,2.01,175,16.4,84.46,53.18,Medium
71.72,1.49,221,24.1,79.25,79.53,Medium
70.33,3.15,58,37.7,70.09,99.49,Medium
58.7,3.37,13,32.5,83.24,10.7,High
96.18,1.2,70,36.4,33.3,94.37,Medium
99.35,3.17,89,31.4,97.11,78.87,Medium
49.98,2.25,269,25,75.54,38.76,High
82.46,2.15,83,6.4,32.39,18.07,High
57.83,1.15,268,10.3,78.76,5.81,Low
75.49,1.63,107,33,88.05,36.47,Medium
49.35,2.13,212,13.3,51.27,48.38,Medium
92.72,3.65,235,39.2,34.06,38.7,Low
73.23,3.57,298,2.5,34.96,12.23,Low
99.96,3.38,115,12.5,88.06,97.96,Medium
71.85,2.13,272,39.8,94.62,4.37,Medium
90.17,2.66,209,12.4,92.8,56.51,Medium
92.44,2.91,124,5.1,78.15,20.3,Low
82.36,3.94,130,29.3,85.87,57.99,Medium
90.1,1.51,114,24.5,73.26,2.1,High
50.63,2.41,198,7,32.5,52.99,Low
74.48,3.51,36,16.1,74.99,19.94,High
97.14,3.7,250,27.6,97.83,58.05,High
72.76,1.68,86,6.2,36.85,73.1,Medium
71.62,1.77,214,30.8,85.78,51.26,Medium
71.6,1.11,72,17.4,88.67,76.76,High
51.71,3.97,92,31.9,81.97,88.4,Medium
76.06,2.79,179,36.9,65.32,79.64,Medium
74.14,2.81,216,37.8,89.96,33.55,Low
97.27,1.07,37,8.6,30.81,97.22,Low
42.14,2.29,91,1.6,61.32,76.46,High
87.33,3.05,75,32.3,34.19,77.17,High
40.93,3.26,40,21.1,36.99,79.94,Medium
65.21,1.79,217,12.9,56.6,2.83,Low
54.55,1.91,274,35.2,40.53,32.73,Medium
83.39,3.28,175,6.1,98.95,87.76,Medium
88.25,1.83,8,10.6,96.76,22.22,Low
98.49,1.18,193,4.7,97.91,3.28,Medium
71.71,2.21,91,3.9,47.01,48.96,Medium
40.44,3.12,242,38.9,59.88,55.15,High
51.37,2.16,206,26.8,46.62,67.39,High
40.79,2.97,41,28.2,92.62,26.46,Medium
74.21,2.43,208,6,70.16,3.6,Medium
87.91,2.84,227,38.1,35.3,15.36,Medium
72.07,3.01,9,18.1,97.38,75.05,Medium
56.99,1.08,281,4.5,78.24,3.19,Low
44.37,2.72,245,18.7,45.14,21.98,Medium
65.32,3.27,152,7.3,67.11,39.82,Medium
58.93,1.36,172,2.2,49.97,89.61,Low
46.63,2.41,30,24.5,92.75,23.84,Medium
44.96,2.42,43,39.4,80.92,50.14,Low
67.34,1.53,206,33.5,66.69,15.89,Medium
83.86,1.7,70,32.6,96.42,85.92,High
49.64,1.51,27,37,85.71,7.3,Low
50.86,1.17,65,8.4,37.24,9.65,High
56.92,1.36,78,22.2,49.78,51.97,Medium
92.13,1.81,54,26.6,81.75,99.58,Medium
93.26,2.37,134,7.5,71.86,62.45,High
88.81,1.11,29,20.5,35.15,78.12,Medium
84.78,3.3,130,25.1,94.31,86.52,Low
81.79,2.13,171,23.8,59.22,39.06,High
44.22,3.32,208,36.5,87.31,28.24,Medium
42.15,1.94,50,34.3,30.35,83.84,Medium
46.03,3.61,270,23.5,42.35,8.93,High
87.72,2.46,237,13.1,58.09,31.29,Medium
92.96,2.38,99,15.1,64.13,93.84,Low
84.74,1.43,278,28.5,53.35,21.51,Medium
79.06,1.48,168,15.2,88.94,71.57,High
48.28,2.76,205,18.1,54.19,27.59,High
90.78,2.13,243,12.7,31.68,98.9,High
53.02,2.42,53,33.3,51.69,61.45,High
72.48,2.18,38,37.4,36.73,46.34,High
66.65,1.91,20,39.8,79.76,89.28,Low
66.49,3.25,127,35.7,55.57,55.54,High
46.27,1.5,81,13.1,36.21,84.26,Low
50.33,3.52,168,33.2,32.28,88.21,Low
58.1,1.07,47,31.2,78.54,98.32,Medium
59.26,2.72,126,32.5,61.64,31.34,High
64.1,3.88,11,27.3,92.24,44.33,High
70.4,2.11,114,33.7,45.26,93.55,Medium
81.9,3.34,97,16.3,71.04,9.37,Medium
51.47,3.21,298,5.7,76.77,88.52,Medium
73.43,3.65,174,4.1,77.8,84.86,Medium
51.97,2.15,75,28.1,61.05,2.12,Medium
49.99,3.85,93,2.4,42.87,87.84,Medium
76.11,1.81,249,14.3,96.92,0.59,Low
81.91,1.97,213,11.6,61.2,99.31,Low
97.72,3.34,192,14.9,44.17,86.69,Low
70.29,3.97,120,6.5,46.35,71.55,Medium
92.22,3.5,106,29.2,33.47,77.62,Medium
41.21,2.47,183,9.4,64.42,30.41,Medium
62.9,2.15,223,16.2,59.88,0.74,Medium
51.11,1.04,21,8.1,64.09,95.29,Low
90.92,2.48,156,22.9,86.14,37.7,Medium
74.34,2.86,134,26.2,33.95,67.04,Low
63.17,2.5,54,20.4,58.98,83.2,High
70.35,2.71,248,9.6,56.58,82.65,Medium
48.95,2.09,104,22.8,92.77,51.34,Medium
93.02,3.17,134,28.7,83.55,92.82,Low
99.74,1.44,102,13.5,58.72,41.94,Medium
50.11,2.12,178,10.7,43.1,97.47,Low
72.34,3.11,11,17.3,30.38,71.47,Medium
58.37,3.53,105,32.3,91.99,32.49,Low
61.33,3.86,109,38,57.53,38.77,Medium
44.39,1.64,242,27.4,91.44,54.67,Medium
81.66,1.28,273,37.3,52.39,44.86,High
92.65,3.43,163,19.9,59.69,30.11,Low
94.95,1.85,152,39.2,57.01,86.5,Low
52.1,1.07,264,20,33.31,75.02,High
41.55,1.26,20,6.5,94.47,88.82,High
43.32,3.81,133,18.8,40.11,71.68,Medium
42.75,2.06,18,1.1,36.27,73.54,Medium
84.39,3.56,248,29.9,91.75,46.71,Medium
44.02,3.31,200,6.6,61.19,84.91,Medium
95.51,1.02,66,32.5,63.98,1.59,High
85.16,2.99,256,7.6,97.3,69.94,High
54.55,3.49,220,6.4,62.56,60.81,Medium
80.44,1.59,153,2.8,66.55,17.62,Low
68.59,1.9,107,8.7,96.5,0.43,High
54.25,1.32,159,38.4,58.28,30.58,Medium
84.26,2.98,118,26.9,41.42,16.06,Medium
78.09,1.4,170,25,99.63,17.73,Medium
60.87,2.3,75,27.7,90.42,63.14,High
69.57,2.84,83,11.1,56.4,31.21,Low
92.74,1.03,143,24.8,53.21,18.15,Low
97.33,1.41,65,11.1,53.53,43.09,Medium
56.37,1.34,59,36.2,32.27,13.56,High
92.77,3.7,293,36.5,51.68,32.72,Medium
47.1,1.01,239,30.7,87.78,97.83,Medium
77.68,2.35,63,23.3,42.09,69.93,Low
89.28,3.58,14,18.3,73.57,78.78,High
82.55,2.32,118,3.8,50.6,81.19,High
54.17,1.03,234,10.6,70.18,14.61,High
81.08,1.73,147,30.8,42.69,63.12,Medium
83.3,1.86,38,14,55.45,29.33,Low
51.47,1.97,48,31.2,89.71,89.77,Medium
83.06,1.03,110,31.9,60.61,71.91,Medium
51.69,3.33,76,25.6,36.55,45.76,Medium
78.45,3.04,6,19.9,92.42,86.58,High
58.53,3.84,160,34.7,58.99,16.83,High
59.84,1.66,109,16.6,84.6,62.11,Medium
48.7,1.35,67,1.6,39.56,0.25,High
68.25,1.02,231,38.4,68.24,98.29,Low
80.25,3.37,96,15.3,71.04,85.72,Medium
53.12,1.8,179,8.4,81.71,97.43,High
91.35,1.98,83,4.2,44.41,73.33,Medium
77.83,2.59,227,18.1,37.51,28.79,High
77.46,1.29,55,11.2,99.24,60.42,Medium
52,2.4,247,34.3,95.74,86.51,Low
55.09,2.72,180,24.3,80.06,52.15,Medium
52.45,2.48,265,14.2,38.66,89.11,Low
89.35,2.1,139,36.7,32.83,80.71,Medium
92.16,1.8,184,20.1,34.37,79.88,Low
90.57,1.86,73,21.3,50,49.67,Medium
99.7,1.64,94,6.2,99.7,71.97,Medium
96.31,1.44,49,36.5,66.72,77.05,Low
51.63,1.39,121,1.6,99.72,59.63,High
91.75,1.48,88,26.9,78.4,2.76,Medium
69.47,3.18,55,34.3,34.39,33.2,Medium
76.39,1.89,292,29.7,42.61,12.53,High
60.34,1.76,18,20.8,30.47,12.25,Medium
46.6,2.16,144,28.8,86.98,69.27,Medium
41.9,3.2,236,6,74.59,17.62,Medium
73.46,1.81,84,21.3,65.83,59.66,High
52.38,1.99,155,26.6,97.45,81.81,Medium
52.68,2.75,36,14.2,58.42,60.5,Medium
42.72,1,285,36.2,32.29,14.57,Low
78.92,1.6,128,38.7,58.76,73.31,Medium
80.43,1.61,26,34.1,36.37,15.52,High
49.24,2.52,38,11.5,91.75,81.43,High
63.03,3.78,247,6.8,63.8,16.76,High
43.39,1.95,253,38.7,44.59,9.73,Medium
96.1,2.49,27,23.7,99.36,78.23,Medium
68.47,2.61,32,23.4,73.09,10.38,Medium
68.45,1.88,38,10.1,92.41,54.13,High
94.42,2.64,197,15.5,85.36,69.94,High
89.77,3.76,136,35.8,99.33,39.14,Medium
77.28,3.88,24,18.5,83.75,21.14,High
57.2,1.64,126,21,47.04,1.95,Medium
52.05,2.2,233,11.9,97.09,6.48,Medium
98.86,1.98,45,10.8,99.42,6.91,Medium
60.37,3.18,150,25.1,37.24,99.07,Medium
89.13,2.56,264,21.9,36.19,3.63,Low
40.88,4,24,19.4,50.22,81.92,Medium
80.13,3.44,6,34.8,62.1,98.52,High
93.97,1.79,250,33.3,63.69,87.43,High
91.27,1.79,64,38.9,40.84,10.32,Medium
71.63,2.84,186,30.1,78.91,57.28,Low
54.91,3.64,205,39.5,93.44,34.6,High
92.93,3.58,212,25.7,89.78,26.21,Medium
46.58,1.12,139,37.6,32.45,23.13,Medium
86.91,2.66,96,5.1,32.64,82.29,High
69.21,2.71,179,23.3,52.01,62.74,High
60.95,3.82,202,18.4,95.54,47.84,Medium
52.3,3.48,271,34.4,64.7,8.42,Medium
58.16,2.73,221,15.7,32.17,51.71,Low
81.52,3.3,157,27.9,78.93,17.01,High
63.31,1.96,167,8.2,74.91,91.2,Medium
92.27,2.9,179,24.3,49,97.99,High
41.43,2.42,137,27.9,43.85,72.82,Medium
97.2,3.76,121,20.3,87.44,55.32,Medium
86.28,2.06,111,9.4,53.19,48.41,High
62.39,2.76,8,18.8,56.14,3.49,Medium
77.66,3.24,25,31,49.44,55.97,Medium
72.83,2.65,84,24.9,55.95,45.74,Medium
50.94,1.56,17,18.3,69.26,9.24,High
62.97,2.22,58,15.5,78.37,45.13,High
72.24,2.76,289,8.4,70.68,86.45,Medium
81.1,1.14,288,36.5,74.16,24.82,Medium
57.9,3.97,255,25.3,47.06,53.96,Medium
46.6,3,31,22,84.15,24.96,Medium
68.62,2.13,5,22.5,94.93,97.33,Medium
48.35,2,126,34.2,49.32,72.1,Medium
60.69,2.54,49,13.3,45.48,3.55,Low
66.46,2.63,33,21.9,31.17,74.54,Low
66.49,3.12,195,4.9,55.38,48.2,High
93.03,2.5,129,31.8,92.54,18.28,Medium
47.41,3.97,156,35.6,56.67,58.88,Medium
41,3.78,83,8.3,81.05,54.26,Low
92.46,1.38,128,3.5,78.2,28.58,Low
46.54,1.45,124,25.6,63.45,67.97,High
48.75,3.8,8,39.7,83.08,33.92,Medium
55.97,1.59,95,38.4,93.04,80.3,Low
55.38,2.96,87,26.1,35.59,71.72,Medium
57.84,2.75,263,3.4,50.89,64.07,High
52.45,3.99,89,31,60.44,18.15,Low
47.52,1.23,228,5.6,33.93,81.36,Medium
91.52,2.17,40,8.6,33.07,3.25,Medium
79.69,3.34,153,28.4,70.12,84.43,High
81.13,1.23,65,7.4,44.04,21.11,Medium
74.05,3.45,82,4,33.19,40.37,High
54.87,2.5,166,2.2,57.89,10.4,Medium
62.01,1.62,33,10.2,96.25,35.94,High
94.68,3.95,254,2.7,87.8,75.38,High
97.81,1.61,114,7.2,89.92,23.44,Medium
76.55,3.71,73,35,96.12,79.14,Medium
91.58,2.12,212,30.5,47.42,60.44,Medium
50.46,2.68,118,24.4,93.43,7.85,High
65.77,1.67,160,24.9,64.65,43.79,Medium
78.5,3.24,102,31.8,49.55,35.96,Medium
62.41,1.66,71,9.7,68.44,62.96,Medium
65,3.38,223,2.6,79.01,44.25,High
41.38,1.92,175,6.7,90,15.53,High
91.87,1.65,281,22,87.6,63.78,High
89.36,1.19,225,37,74.99,99.63,Medium
71.37,3.12,182,20.3,43,28.17,High
89.9,3.03,240,36,95.11,46.97,Medium
83.03,3.4,125,30.1,52.05,8.46,Medium
82.84,3.3,193,19.9,65.61,18.43,Medium
81.22,3.43,90,29.1,57.76,88.57,Medium
50.23,3.93,152,27.7,74.53,60.31,High
87.84,2.51,68,15.5,94.06,46.61,High
97.86,1.67,14,35.2,80.39,79.06,High
93.85,3.96,224,13.4,89.7,51.26,High
65.62,3.96,153,26.1,37.78,47.79,Medium
85.7,2.88,233,25.6,67.13,66.47,Medium
73.02,3.91,99,10.1,30.25,72.27,Medium
45.33,3.27,155,12.8,66.33,51.9,Low
84.78,3.11,197,21.1,93.47,81.01,High
82.03,2.12,292,21.7,70.67,93.23,Medium
74.32,1.71,208,8.8,81.49,9.53,Low
71.78,3.05,63,23.6,85.21,56.86,Low
92.06,2.07,232,22.1,62.58,96.9,Medium
42.32,1.88,242,10.5,45.37,31.76,Low
92.02,2.87,35,16.5,59.93,33.54,Medium
95.3,1.76,161,16.7,47.84,18.77,Medium
46.11,1.71,266,2,48.87,87.12,Medium
81.85,2.05,151,13.4,76.79,42.98,Medium
81.45,3.53,141,38.9,51.59,71.1,Medium
95.74,1.09,284,1.7,84.35,65.05,Medium
74.81,3.57,103,11.4,66.21,45.84,High
47.35,1.58,201,39.6,69.07,49.16,Medium
68.9,2.44,54,5.1,92.52,28.77,Medium
63.59,1.25,197,26.6,63.69,35.18,Medium
65.07,3.03,228,30.8,56.95,63.2,Medium
66.91,2.3,47,3.7,79.59,64.6,High
63.57,2.88,258,1.6,80.27,91.57,High
43.89,3.03,222,11.1,93.71,12.59,High
56.76,2.74,213,33,75.04,54.92,Low
48.69,3.15,18,29.5,79.8,76.83,High
66.15,1.88,136,2.5,59.47,2.21,High
66.07,2.49,45,14.5,85.73,11.32,Medium
44.81,1.25,47,34.3,84.2,67.08,Medium
41.38,1.55,58,31.5,56.75,99.5,Medium
52.99,2.93,146,14.3,52.92,78.17,Low
52.88,2.63,149,3.9,34.23,65.39,Medium
78.95,3.18,159,10.4,64.02,53.31,Medium
91.95,1.81,259,35.1,33.66,91.33,High
70.5,1.78,63,17.1,55.1,2.87,Medium
62.15,3.4,157,31.9,88.79,17.71,Medium
47.44,1.33,65,34.6,61.12,41.53,High
68.51,3.14,297,7.2,89.76,31.68,Medium
59.98,1.78,135,13.8,78.34,90.4,Medium
99.49,2.69,99,18.1,83.86,22.16,High
42.43,3.32,60,3,50.16,14.95,Low
85.39,1.9,206,8.4,67.66,42.72,High
73.6,1.68,209,12.1,50.79,39.33,Medium
47.45,3.64,279,28.8,85.87,5,Medium
45.72,3.24,69,29.4,51.97,53.47,High
87.23,1.66,202,15.5,64.99,57.08,Medium
46.43,3.83,218,1.1,67.62,51.85,Medium
96.06,1.22,118,11.3,73.03,38.02,Low
48.71,1.96,222,27.4,98.19,46.44,High
49.44,1.31,186,8.5,56.73,84.64,High
90.46,3.94,112,23,61.58,96.82,High
81.83,2.51,30,39.8,80.17,90.88,Medium
68.42,3.39,209,20.4,60.49,55.27,High
79.29,2.18,11,33,38.43,71.25,High
82.08,2.6,215,8.3,43.24,11.61,High
77.96,2.92,286,3.2,30.17,62.53,High
61.16,3.81,48,21,85.82,95.21,Medium
98.93,1.85,222,11.5,53.13,94.12,High
60.78,2.87,279,31,34.8,82.06,High
51.42,2.83,105,27.9,62,29.5,High
74.41,1.98,115,13.6,52.42,71.46,High
97.87,3.01,102,25.5,62.96,87.8,Medium
95.09,3.22,203,6.3,47.26,21.2,High
61.21,1.85,102,38.6,63.21,47.27,Medium
92.18,2.24,24,10.2,41.99,28.96,High
55.9,2.7,106,30.1,87.27,5.45,Low
55.03,1.81,58,32.4,68.17,49.49,Low
80.74,3.48,11,8,51.01,27.74,High
70.81,1.66,227,31.8,79.09,51.07,High
47.83,1.35,176,15.8,70.93,73.59,Medium
64.44,3.69,150,25.1,68.35,44.98,Medium
82.81,3.12,107,23.7,33.14,2.24,High
96.5,3.08,39,27,37.3,5.73,High
61.44,1.3,249,32.5,85.75,96.95,Medium
65.23,2.35,58,28.5,73.38,4.4,Low
84.14,2.86,48,11.9,40,50.49,High
47.49,3.91,170,32.5,84.68,40.41,Medium
64.31,2.5,108,7.2,63.94,52.93,Medium
93.15,2.93,168,36.2,83.75,0.65,Low
44.95,2.83,75,38.3,56.42,13.29,High
55.4,1.55,156,6.7,78.21,12.44,Low
67.82,3.4,297,33.7,89.87,81.12,Low
99.4,3.09,116,38.3,46.17,71.24,Medium
71.64,1.61,24,15.4,97.83,9.19,High
82.7,3.32,233,18.1,36.18,45.68,Low
75.93,2.8,92,37,74.7,20.95,High
90.14,2.31,238,12.5,34.11,46.19,Low
74.07,2.99,225,11.4,90.68,85.32,High
60.99,2.97,133,17.3,82.78,53.53,Low
64.34,2.08,73,37.5,58.44,50.52,Low
69.94,2.08,190,36.3,93.85,8.73,Medium
64.96,1.94,279,3.6,60.88,5.67,Medium
86.37,3.41,180,23.2,48.09,2.27,High
64.3,3.37,26,39.1,59.48,64.95,Low
65.4,1.77,107,31.9,94.69,75.52,Medium
63.31,1.12,67,13,40.81,51.3,High
98.58,2.95,142,21.1,36.94,43.17,Low
65.32,3.44,84,14.2,89.53,91.07,Medium
92.22,3.65,175,8.1,86.76,98.83,Medium
43.34,1.52,79,29.4,74.94,1.64,High
99.69,3.34,47,38.5,65.18,10.95,Medium
41.12,2.77,43,35.1,84.15,90.31,High
59.54,1.38,251,29.6,44.84,6.23,High
64.47,3.43,141,14.9,66.27,9.99,Medium
46.53,2.46,82,21.5,82.35,20.59,High
57.46,3.08,278,10.2,31.5,48.39,Medium
74.73,3.69,294,25.6,48.35,62.35,Medium
49.77,1.93,93,14.3,81.54,3.41,Medium
55.94,3.82,125,33.4,67.26,97.07,Medium
54.78,3.74,200,18.1,50.46,17.99,Medium
91.61,1.73,76,10.2,82.45,76.49,Medium
41.48,3.84,147,13.8,78.03,91.28,High
49.15,3.01,227,24.7,36.56,95.69,High
91.69,3.36,19,38.6,68.07,74.9,Low
41.3,1.4,275,31.5,54.64,58.73,Medium
80.64,3.25,218,4.6,37.53,88.73,Medium
80.97,2.98,188,34.4,73.4,23.13,Low
44.69,2.44,297,36,90.91,34.63,Low
78.46,3,198,14.5,63.17,39.48,Medium
96.07,2.72,148,23.9,47.69,36.36,Low
69.45,3.96,285,9.9,45.33,0.59,High
73.72,1.04,186,12.7,50.51,56.4,Medium
94.01,1.22,25,32.9,86.89,38.41,High
63.68,1.8,286,1.5,33.78,54.65,Medium
65.35,2.42,9,21.3,79.21,95.85,Low
99.84,1.96,243,30.3,47.37,32.5,High
48.65,1.12,206,13.1,43.83,90.15,High
42.8,2.1,211,8.7,34.31,37.45,High
74.02,3.05,260,29.9,79.29,53.48,Medium
95.63,1.3,245,21.3,92.01,58.44,High
60.12,3.34,24,8.1,48.72,3.55,Medium
93.86,2.8,283,3,45.02,71.65,Medium
86.14,2.38,78,23.1,86.38,13.6,Medium
99.5,3.89,58,4.3,74.49,39.48,Low
49.81,2.59,173,22.1,50.64,24.06,High
76.17,2.5,189,27.2,81.47,38.94,Medium
66.34,2.44,7,3.8,67.09,85.99,Low
92.19,2.97,162,9.8,76.12,92.96,High
49.34,3.92,107,4,54.6,51.7,Medium
59.5,2.44,169,25.5,79.42,53.77,High
99.63,1.5,209,21.2,72.63,52.87,High
81.11,1.77,138,16.6,70.41,39.6,High
57.72,2.16,138,35.2,73.02,22.81,Low
77.48,2.63,199,25.5,96.58,67.16,High
78.3,2.33,185,19,59.84,41.12,High
76.99,3.97,270,13.5,31.52,78.3,Medium
84.31,2.55,38,21.3,66.57,51.06,High
81.36,2.16,112,8.9,95.26,56.7,High
42.68,3.98,288,9.1,75.34,86.45,Low
66.86,2.48,293,10.1,88.62,6.76,High
50.69,3.39,255,12.2,83.57,48.04,Low
75.82,3.7,223,38.8,59.73,22.56,High
84.15,1.4,117,28.1,98,76.41,High
81.46,1.98,99,2.2,34.44,59.65,High
44.29,2.48,187,1.7,61.55,30.71,Medium
91.06,1.13,29,3.1,42.09,94.72,High
47.04,3.31,260,12.3,40.74,4.05,Medium
63.28,2.59,292,3.7,50.44,57.28,High
78.74,1.25,281,20.6,72.9,97.8,Low
54.19,3.08,58,7.8,36.67,31.45,High
40.69,1.88,241,37.7,46.78,31.77,Low
45.27,2.54,105,23.3,90.35,5.8,Low
91.56,2.12,38,3.3,55.48,18.9,Medium
51.69,2.16,37,20.1,82.94,72.66,Medium
46.17,1.86,50,30.7,63.5,61.41,High
51.72,2.29,250,20.1,36.42,27.48,Medium
54.99,3.02,47,7.4,76.08,26.79,High
60.14,3.37,161,8.6,42.82,58.89,High
96.62,1.97,144,5,89.62,11.94,High
43.55,2.19,18,14.2,39.1,60.77,High
41.5,2.18,201,12.7,73.32,49.91,Medium
80.68,2.09,247,38.9,52.54,26.38,Medium
69.66,2.69,92,21.9,56.65,94.93,Medium
86.87,2.83,258,32.7,83.96,98.92,Medium
82.86,3.63,92,2,94.5,54.77,Medium
84.95,1.66,133,3.1,56.67,87.65,High
49.88,3.92,181,3.8,37.21,28.9,Medium
79.92,1.81,31,7.3,63.86,20.7,High
94.38,1.45,180,28.5,93.97,65.17,Medium
73.63,1.6,125,5.6,88.46,9.41,High
63.15,3.39,63,13.6,51.83,94.07,High
77.44,1.46,212,39.7,41.25,47.25,Low
76.09,3.69,278,26.8,75.85,82.08,Low
82.61,2.6,53,12.9,76.51,43.21,Medium
71.85,2,281,4.2,70.6,91.06,Low
59.67,2.67,252,14.9,74.67,53.49,Medium
94.1,2.11,193,9.9,59.71,49.88,High
67.84,3.87,113,29.8,30.66,28.25,Medium
41.53,1.72,232,16.9,37.4,53.38,Low
52.66,2.97,291,25.6,37.14,98.56,Medium
97.34,1.4,299,36.1,39.76,32.37,Medium
71.41,1.27,11,14.4,73.3,76.81,Low
54.85,1.37,91,11.4,64.32,58.16,Low
68.49,3.71,130,21,50.94,5.06,Medium
65.98,1.07,59,24.5,94.95,84.76,Medium
95.29,1.06,89,2.2,40.74,21.8,Medium
51.3,1.02,187,8.2,68.48,49.86,Medium
63.78,1.64,71,16.9,30.49,45.48,Medium
72.43,3.42,145,29.5,45.99,71.12,Low
76.12,3.19,103,5,97.53,12.8,Medium
89.78,2.28,263,26.7,86.95,61.95,High
46.02,2.1,48,1.9,85.78,66.64,Medium
80.77,1.19,101,32.6,66.88,68.68,Medium
79.88,1.05,237,6.2,51.21,74.5,Low
55.21,3.64,272,31.2,89.85,15.2,Medium
44.83,3.51,116,18.1,56.51,75.99,Medium
86.79,2.89,43,34.5,40.5,7.35,Medium
68.9,2.76,275,33.3,75.23,13.36,High
83.05,3.15,172,34,67.19,95.45,Low
72.49,3.46,10,32.3,76.64,91.2,Medium
93.87,2,24,18.3,35.31,79.28,High
70.87,1.63,121,10.7,87.09,86.79,Low
63.41,1.54,6,2.7,78.2,96.33,Low
61.2,3.22,37,5.3,89,7.57,Low
82.08,1.62,31,33.2,30.12,78.73,Medium
63.69,1.19,180,30.1,84.07,88.18,High
48.89,3.48,26,38.4,39.84,6.49,High
46.36,2.91,237,24.9,84.91,76.21,Low
64.76,3.94,108,14,63.84,80.55,Medium
59.62,3.36,265,30.1,94.55,21.89,High
58.39,3.27,284,29.2,84.57,52.45,High
77.29,1.12,251,5.4,65.66,80.81,Medium
63.96,2.24,54,15.6,46.31,98.76,Medium
61.02,3.93,238,9.1,88.22,44,Medium
92.25,2.88,285,7.8,76,35.87,Medium
49.82,2.01,186,33.1,60.1,28.23,High
59.3,1.64,228,39.6,74.55,36.4,Low
62.34,3.41,130,9.6,59.88,18.23,Medium
94.77,2.23,185,36.1,38.4,98.02,High
96.72,2.13,222,32.7,52.52,70.94,Medium
48.19,1.44,88,35.2,57.34,52.86,Medium
69.84,3.95,228,5.7,30.88,77.03,Low
52.33,1.53,133,36.5,53.19,29.2,Medium
48.83,1.68,237,7.1,30.15,64.11,Low
59.71,1.78,244,13.1,74.19,94.28,High
63.1,1.75,25,30.4,60.97,62.82,High
76.69,2.87,105,13.4,86.02,74.21,Medium
61.95,2.78,286,23.2,46.6,20.19,Medium
47.86,3.73,172,9.6,87.7,48.79,Medium
88.3,1.64,246,9.1,82.81,27.44,High
70.69,2.85,19,38.7,38.48,41.13,Medium
53.76,2.97,191,16.3,96.32,18.26,Medium
69.97,1.66,144,33.9,79.03,72.23,Low
85.94,3.2,69,16.1,37.3,52.85,Medium
91.71,1.82,13,39,62.69,50.31,Low
66.55,1.12,133,8,62.85,57.17,High
91.56,1.59,16,11.3,91.2,8.96,Medium
62.08,1.42,173,3.4,97.23,86.97,Medium
46.03,1.35,133,31.9,73.63,34.62,Low
69.78,2.26,268,37.1,45.87,41.48,Medium
48.81,1.32,108,38,56.6,42.64,Medium
67.14,1.95,291,12.2,91.37,77.16,Medium
82.86,1.88,209,19.9,96.1,26.47,Medium
55.16,3.69,52,8.9,69.03,78.55,Low
62.63,3.55,73,18.2,70.88,12.62,Medium
43.61,3.15,19,21.7,50.39,87.04,High
86.36,3.08,13,2.6,86.03,97.47,Medium
71.34,1.54,23,2.5,82.91,5.86,Low
84.42,2.56,197,8.6,55.65,31.15,Medium
54.39,3.57,102,25.6,82.49,7.87,Medium
57.04,1.13,252,33.6,58.52,49.24,Medium
91.31,2.22,176,38.6,31.82,10.94,High
80.43,3.02,75,32.9,57.8,62.47,Medium
76.12,3.61,47,33.9,78.68,95.4,High
93.41,2.33,164,21.4,60.97,58.54,Medium
95.79,1.44,150,12.3,91.34,46.27,Medium
68.6,2.55,294,24.2,43.45,31.76,Low
50.89,2.01,174,39.7,35.51,65.63,High
92.35,3.52,166,30.4,57.1,88.91,Medium
76.7,2.66,116,24,37.69,14.71,Medium
68.71,2.22,171,31.7,55.03,56.79,Low
72.49,2.84,233,7.2,53.89,71.96,Medium
51.92,2.95,121,36.7,67.45,73.55,Low
92.23,2.6,219,34.9,47.03,46.25,Medium
59.94,1.23,288,6.4,63.9,17.46,High
45.47,3.77,290,15.1,83.7,28.05,High
85.69,1.57,20,12.8,89.54,55.16,Medium
67.13,3.64,264,39.5,85.74,87.14,Medium
79.79,1.91,55,11.4,35.12,48.3,Medium
46.21,1.42,183,17,47.23,47.05,Medium
70.19,2.04,181,8,33.84,50.04,Medium
80.88,2.74,141,3.7,53.26,97.86,High
53.33,3.3,136,28.4,87.63,98.81,High
95.46,1.24,163,22.6,62.96,12.23,High
64.78,3.13,123,37.6,79.03,19.75,High
93.55,3.06,93,32.7,46.47,73.57,High
43.87,1.49,141,30.3,99.39,17.43,Medium
43.81,3.48,192,3,33.51,46.62,Low
87.12,3.84,48,22,40.5,65.16,High
49.58,3.66,85,39.7,38.62,82.37,High
67.22,1.4,224,11.7,37.5,87.4,Medium
78.51,2.55,108,15.8,59.96,76.3,High
59.57,2.04,111,19,32.7,17.05,High
89.32,2.16,237,16.3,32.65,33.91,Low
79.21,1.04,122,33.8,76.91,38.65,High
42.89,2.48,88,35,54.37,23.47,Low
44.22,1.56,108,22.4,89.91,73.39,Medium
95.65,1.09,59,4,68.6,32.31,Medium
78.22,3.19,281,9.2,99.36,53.31,Medium
63.97,1.24,284,13.8,39.2,1.86,Medium
50.22,1.11,275,25.2,77.11,12.08,Low
92.02,3.44,281,12.9,95.36,39.28,Low
91.14,2.1,5,17.9,67.51,24,Medium
56.58,2.67,130,23.4,40.41,45.55,High
99.98,2.67,5,28.7,53.51,18.04,Medium
85.12,2.23,243,10,68.13,89.24,High
51.31,2.82,212,5.5,50.12,52.16,Medium
49.53,1.17,117,23,79.87,39.32,Medium
43.17,3.26,159,9.2,33.43,32.04,Medium
71.94,3.06,91,28.9,91.98,89.32,Medium
53.96,1.84,223,2.3,47.53,82.22,Medium
75.26,3.93,15,1.2,37.56,45.22,High
90.1,2.1,69,9.3,61.23,23.18,Low
52.32,3.95,124,11.8,84.5,73.93,Medium
64.21,3.63,56,35.4,84.13,66.14,Medium
70.64,3.6,273,9.8,39.07,8.83,Low
95.23,2.97,93,35.7,44.97,12.39,Medium
66.65,1.56,129,30.5,82.62,25.55,Low
73.58,3.33,90,30.3,32.4,46.95,High
43.1,1.81,77,2.7,93.09,89.67,High
58.83,2.13,46,35.8,61.76,49.37,High
89.58,3.21,6,1.1,34.98,82.09,Medium
46,3.69,7,24.6,48.23,85.19,Low
45.59,2.01,155,3.2,59.86,11.99,High
63.04,2.71,28,20.9,62.68,55.47,High
80.35,3.73,213,36.2,60.47,56.71,Medium
70.91,3.11,143,20.4,33.89,92.25,Medium
70.26,1.97,274,12.7,76.44,66.78,Low
60.46,2.61,230,24.4,56.37,17.88,Medium
51.49,2.93,96,23.8,39.83,96.52,Medium
70.79,2.7,52,38.4,87.58,69,High
93.09,2.38,57,10.7,57.2,37.76,Low
78.92,2.58,42,37.2,56.34,40.69,Medium
89.35,3.43,99,13.6,67.43,62.1,Medium
88.11,2.97,223,21.7,31.37,94.98,Low
72.62,2.84,70,6.1,84.81,95.68,Medium
48.33,3.8,133,17.3,40.84,34.53,High
59.68,3.55,95,7.8,41.16,54.99,Medium
82.11,1.24,131,38.7,86.31,20.34,Medium
58.68,2.49,236,24.3,37.85,12.84,Low
49.84,1.71,202,18.6,53.89,50.15,Medium
41.94,3.36,254,20.2,41.81,23.1,High
50.75,3.4,40,10,69.22,64.8,High
51.86,1.82,211,28.5,42.67,60.13,Low
95.71,1.77,183,2.1,79.92,64.3,High
46.47,2.24,94,29.4,33.99,16.03,Medium
77.77,3.53,255,22,91.13,98.03,High
80.48,3.8,201,10.5,69.26,43.04,Medium
81.46,1.21,46,18.8,81.24,22.6,High
44.25,3.85,191,7.8,65.77,12.66,Medium
94.59,2.27,271,32.9,52.09,2.99,Low
64.74,3.51,111,29.8,31.46,35.83,High
93.92,2.14,167,32.4,40.81,78.51,Low
53.41,1.12,261,2,43.44,79.98,High
71.63,3.59,292,2.4,83.72,11.44,High
97.26,2.79,240,4.9,50.1,52.13,Medium
55.17,3.57,8,32.6,91.84,91.48,High
82.47,3.03,35,23.4,76.54,63.12,Low
72.89,1.45,101,39.5,55.44,53.3,Medium
40.15,2.96,125,22.8,38.14,76.17,High
79.2,2.61,233,11.8,42.92,22.02,Medium
92.18,2.3,234,17.4,43.84,35.02,Medium
56.34,2.7,30,34.5,86.05,53.24,High
94.71,2.36,199,12.8,87.37,8.86,Low
99.81,1.57,7,24.6,43.48,60.3,Medium
96.85,3.04,116,25,64.04,0.24,Medium
66.5,3.51,100,34.1,36.52,65.68,Medium
47.79,2.81,83,8.5,92.85,4.33,Medium
57.27,3.68,271,2.5,38.98,3.26,Low
61.66,2.13,298,31.7,97.17,75.33,Medium
40.87,2.01,240,20.6,65.75,20.48,Medium
73.82,2.76,62,4.4,31.26,71.75,Medium
48.7,1.12,54,2.3,35.59,75.84,Medium
49.13,2.22,243,1.9,99.22,27.46,Medium
44.25,1.89,186,18.8,62.89,34.61,Medium
99.02,1.54,129,34.1,64.17,97.41,High
92.91,3.92,295,15.4,81.27,47.97,Medium
63.75,1.18,267,24.3,38.77,19.11,Medium
67.36,1.83,235,9.7,63.21,38.46,Medium
66.31,1.61,62,10.8,42.94,99.48,Low
93.7,2.18,175,27.9,98.6,80.67,High
82.24,2.15,161,5.6,37.97,85.39,High
83.72,3.31,135,33.6,56.06,89.2,Medium
91.19,3.52,190,33.5,60.27,45.21,Medium
90.34,1.87,161,24.7,76.76,16.85,Medium
98.64,3.4,73,4,57.7,54.74,Medium
84.71,2.96,247,17.6,66.78,66.18,High
97.37,2.64,188,17.7,48.28,46.76,High
63.18,1.81,13,3.3,90.94,7.42,Medium
97.93,3.48,83,28.6,43.27,26.88,Medium
82.38,2.9,108,35.9,40.56,55.36,High
57.82,3.29,247,9.2,61.27,60.89,Medium
83.2,3.1,88,6.7,38.39,65.13,Medium
57.8,1.23,103,7.7,33.21,69.62,High
55.37,3.56,102,4.6,74.06,67.25,Low
92.57,2.02,36,31.3,99.01,62.28,Medium
46.08,3.78,51,6.4,72.52,78.89,High
70.92,3.15,165,29.7,60.4,82.56,Medium
62.81,2.6,293,10.4,71,29.72,High
49.84,3.09,180,17.1,46.69,15.83,Medium
40.99,3.59,202,34.2,43.41,18.99,Medium
72.01,1.29,266,25.1,67.39,47.34,Low
53.27,3.94,150,32.5,70.44,64.1,Medium
67.6,1.22,8,15.8,90.38,27.99,Medium
66.97,2.55,56,29,30.9,74.51,Medium
59.83,2.26,148,28.1,70.68,0.51,Medium
53.32,3.41,96,34,69.81,53.76,Medium
75.59,3.62,134,10.8,49.69,46.1,High
49.28,3.49,97,34.7,68.09,76.65,High
52.68,2.42,191,6.5,94.85,64.75,Low
74.18,2.7,270,35.2,36.9,45.35,High
45.46,3.41,63,35.2,51.21,28.68,Low
40.77,2.08,107,32.6,95.51,42.96,Low
98.37,1.86,229,29.4,91.38,77.1,Low
86.54,2.4,223,5.3,64.06,21.59,Medium
77.86,2.65,73,19.9,77.5,87.26,High
57.58,2.65,224,15.6,48.2,59.42,Low
49.3,1.01,106,29,32.49,64.93,Medium
57.43,3.32,37,26.4,77.95,69.52,Medium
85.86,3.21,56,20.7,31.87,53.11,Medium
60.98,1.88,172,19.2,75.51,49.08,Medium
68.13,3.41,233,9.3,75.3,74.72,Low
85.07,3.97,124,23.2,98.94,88.55,Low
99.19,3.87,232,29.2,64.22,94.74,Medium
90.03,1.15,230,9.3,37.06,82.05,Medium
61.91,1.76,277,30.2,72.25,57.3,High
41.11,2.93,196,30.3,80.93,76.01,Medium
88.95,3.32,14,28.2,31.34,93.34,Medium
40.69,4,123,17,63.75,99.4,Medium
49.48,1.82,109,12.5,96.91,91.94,Low
63.6,1.82,152,1.5,71.63,55.92,Medium
66.71,3.03,133,37.1,48.35,98.89,Medium
41.97,2.39,167,3.1,42.18,39.39,High
74.57,1.66,70,21.7,98.56,69.55,High
84.49,2,109,33.1,58.85,45.89,Medium
92.87,1.56,161,3.1,79.59,77.77,High
61.64,1.65,168,32,96.15,37.64,Low
96.83,2.3,116,21.5,92.77,10.04,High
65.17,1.43,178,11,68.21,71.55,Medium
48.53,1.51,146,26.7,67.59,11.75,Medium
61.92,2.8,85,4.4,35.87,8.06,High
55.47,3.14,129,35,99.33,88.19,Low
98.64,1.54,246,18.2,83.47,47.31,Medium
43.76,3.25,284,3.1,53.28,46.15,Medium
88.78,2.69,129,17.4,78.98,51.64,Low
41.5,1.21,273,19.8,68.37,91.82,Medium
97.75,1.06,30,23.1,45.14,26.37,Low
54.85,1.92,280,12.3,53.21,93.65,Medium
43.04,3.24,61,21.5,32.99,1.7,Medium
68.47,3.12,182,19.2,32.68,22.39,Low
64.08,3.03,63,33.6,62.57,82.04,Medium
89.12,3.67,122,25.7,64.14,70.21,High
60.05,3.61,273,1,33.18,88.55,High
83.44,2.25,72,21.5,99.04,92.78,High
92.13,1.79,97,36.8,48.39,63.61,High
76.79,3.47,186,36.8,41.55,28.81,Medium
69.55,3.64,66,26.2,76.99,20.57,Medium
72.45,3.27,94,12.1,40.46,79.02,Medium
71,3.57,123,26.4,74.22,50.62,Medium
44.85,2.41,78,20.4,99.63,28.72,Low
98.89,3.34,205,14.5,33.28,76.38,Medium
65.34,1.76,245,21.1,45.69,67.06,High
99.27,3.95,109,28.6,36.26,62.87,High
98.92,2.79,128,6,62.9,59.62,Medium
97.55,2.01,276,28.8,64.89,90.19,Medium
91.07,1.33,183,20.2,64.54,57.83,High
51.08,3.92,225,27.2,34.64,3.79,Medium
94.26,3.37,82,6.8,46.06,69.47,High
46.07,3.8,129,21.2,54.16,84.16,Medium
91.4,3.54,97,31.7,86.45,25.16,Medium
65.08,3.2,215,28.5,49.56,94.56,High
53.02,2.94,166,19.6,78.44,98.64,Low
62.06,2.15,150,16.5,74.1,10.09,Medium
94.6,2.76,280,2.4,61.06,52.66,High
84.42,3.87,49,34.3,39.91,40.45,Medium
65.79,3.84,226,36.4,33.63,50.38,High
62.59,1.12,247,1.1,45.06,6.13,Medium
78.75,2.67,110,24.1,50.08,27.86,Medium
65.49,3.01,118,17.6,93.23,46.72,High
70.88,2.21,213,38.7,99.55,96.03,High
87.58,3.81,11,12.4,42.03,47.56,Medium
41.28,3.99,263,19.9,32.7,98.64,High
64.13,2.48,234,33.3,79.11,5.36,Low
55.08,3.79,13,7.6,30,7.25,Low
47.1,3.65,149,38.7,84.59,28.93,Medium
64.26,1.01,75,14.8,69.19,34.6,High
43.16,2.05,109,30.5,51.43,31.56,Low
44.36,2.99,257,8.5,82.75,33.13,High
59.79,1.88,267,31.4,61.98,60.4,Medium
79.8,2.67,221,6,45.43,79.48,Low
62.99,3.65,197,28.2,71.91,23.23,Medium
67.17,2.01,36,19.7,59.52,20.39,High
83.92,3.78,174,25.9,79.94,48.81,Low
41.92,1.62,79,21.4,62.38,58.66,High
85.8,3.56,135,35.5,78.94,35.06,Medium
63.09,2.89,153,30.1,74.51,43.16,Medium
86.19,2.4,248,11,86.51,5.47,Low
94.28,2.56,5,15.4,89.99,51.45,High
70.17,1.02,131,6.8,79.66,72.4,Medium
67.69,2.55,130,38.6,33.19,19.55,High
41.88,1.22,76,24.4,66.43,26.37,High
89.97,3.79,167,34.1,32.38,6.34,Medium
42.71,2.05,72,3.3,35.93,73.91,Medium
82.82,3.38,234,37.8,50.58,13.47,High
85.45,1.72,226,21.3,92.92,18.6,Medium
90.89,1.81,107,22,76.92,23.36,Medium
58.86,2.86,283,24.7,69.03,56.54,High
76.4,1.75,44,18.1,70.56,48.82,Medium
87.97,3.23,181,39.7,30.58,87.56,Low
66.21,3.16,277,35,66.66,84.63,Medium
71.18,2.92,290,6.7,92.68,39.89,Medium
82.21,2.51,182,18.6,77.34,7.34,Medium
88.68,3.36,176,16.9,71.1,24.31,Medium
40.25,1.07,55,11,93.88,73.65,High
96.49,2.04,238,15.4,69.77,32.31,Medium
45.24,1.66,74,6.8,53.86,69.69,Medium
48.2,1.9,262,8.9,71.22,9.91,High
49.48,2.77,216,6,71.66,11.8,High
41.98,2.23,289,30,48.38,37.57,High
70.7,1.93,247,5.9,57.06,52.18,High
75.23,1.95,140,32.2,44.8,22.96,Medium
67.48,2.71,280,4.2,61.34,43.86,High
61.47,3.67,294,37.7,95.99,76.99,High
66.9,3.87,245,39,48.79,18.22,Medium
51.2,2.94,292,25.4,37.12,72.12,Medium
56.3,3.24,132,27.4,42.21,31.7,Medium
84.23,1.87,113,31.9,52.29,13.68,Medium
94.45,2.46,152,36.2,84.35,35.17,High
63.98,3.65,289,25.5,76.53,52.97,Medium
72.53,3.22,170,39.3,85.06,22.53,Low
94.43,3.39,101,30.5,34,38.77,High
58.57,1.27,176,13,69.75,16.55,Medium
63.75,1.28,206,29.4,65.79,36.92,Medium
42.17,3.64,272,8.9,61.36,49.04,Low
66.7,3.32,151,4.2,60.54,9.96,Medium
75.9,1.22,235,28.7,43.46,35.47,High
55.04,3.69,7,36.4,37.11,77.99,High
95.2,2.79,182,8,93.01,17.72,Medium
74.17,1.45,146,35.5,46.44,84,High
78.94,2.07,208,19.1,56.87,38.67,Medium
40.75,2.97,272,18.7,64.72,66.45,High
62.6,1.25,189,5.7,58.1,58.1,High
65.82,3.95,287,39.2,82.47,85.46,Medium
75.3,1.52,56,17,96.05,21.71,High
43.9,2.99,132,29.4,45.47,41.7,Medium
91.69,1.87,105,28.1,92.06,1.93,Low
41.21,2.68,51,28.4,50.05,78.2,High
63.76,3.93,97,34.8,70.03,2.32,Medium
43.06,3.06,295,18,73.32,61.25,Medium
55.12,3.03,156,32.8,83.19,91.65,Medium
46.79,2.43,175,15.8,43.46,59.25,High
58.2,3.57,290,1.2,45.01,21.86,High
96.95,3.86,217,38,40.37,54.84,High
41.8,1.46,180,32.7,61.08,75.15,High
72.92,3.93,138,39.8,91.42,52.62,High
49.39,3.15,68,13.9,32.87,11.61,High
42.34,2.46,150,20.5,90.41,7.44,Medium
46.39,3.78,88,23.3,89.14,60.3,High
87.16,1.7,284,25.9,86.72,74.54,Medium
84.76,3.16,63,10.1,99.8,3.3,High
81.03,1.63,58,4.1,32.31,78.18,Medium
61.42,2.09,35,2.5,94.48,93.93,High
94.77,1.31,9,28.7,62.1,43.47,High
92.46,3.86,211,24.4,79.12,89.86,High
78.97,3.24,102,22.7,65.56,64.35,High
64.24,2.42,294,30.9,35.17,86.19,Low
88.35,3.55,209,39.1,82.19,23.97,High
88.31,3.12,275,14.9,69.48,1.69,Medium
89.93,3.66,139,36.8,63.87,70.31,High
64.61,1.99,115,7.1,66.48,88.48,Low
58.18,2.65,53,13.8,50.28,66.28,High
45.31,2.58,131,9.9,59.56,42.07,High
86.85,2.98,76,14.6,71.06,7.97,High
40.6,3.49,85,5.5,89.1,9.46,High
42.83,2.31,18,7.4,37.48,16.74,Medium
86.55,2.6,292,3.4,57.37,9.9,High
70.01,2.01,41,17.3,88.86,83.98,High
97.72,3.61,179,32.9,95.1,6.83,Low
87.12,3.7,118,34.3,77.17,6.63,High
91.05,1.22,34,36.1,76.2,77.39,High
56.31,2.88,78,13.4,62.36,49.14,High
95.31,1.72,130,25.3,45.48,13.63,Medium
68.99,3.74,18,11.8,84.6,39.82,High
85.67,3.76,85,17.9,93.78,55.88,High
74.56,3.71,133,19.1,46.95,35.35,Low
87.49,1.36,266,6.9,32.83,10.17,High
44.98,2.47,136,16.9,37.54,0.03,Medium
40.64,1.55,230,33.1,85.79,37.11,Medium
60.85,1.85,20,26.4,32.44,80.64,High
42.37,2.98,112,16.7,66.57,92.88,High
79.87,1.94,59,19.8,63.22,47.11,Medium
57.13,1.63,44,1.9,98.98,86.62,Medium
44.26,1.95,222,20.4,41.03,69.34,Medium
47.37,2.5,52,39.4,87.52,2.59,Medium
56.09,1.07,146,1.6,58.06,15.55,Medium
70.56,1.36,102,3.8,67.58,88.76,Low
46.33,1.26,205,19.6,90.68,47.17,Low
73.68,3.71,196,39.9,70.05,31.06,Medium
88.13,1.47,82,14.4,53.01,12.06,High
98.19,1.42,263,15.5,86.12,74.6,Medium
46.53,1.54,204,16.1,46.93,91.52,Medium
61.5,3.16,33,4.9,33.63,68.19,High
96.41,2.02,246,14.4,53.81,91.04,Medium
67.41,3,71,6,99.34,49.72,Medium
85.93,3.22,6,36.9,87.4,28.04,Medium
43.18,1.25,150,20.1,88.54,99.25,High
84.68,2.2,121,6.1,35.83,57.66,Medium
87.5,3.57,81,32.8,78.88,84.68,Medium
41.69,3.58,131,39.1,75.01,59.53,High
51.6,1.96,199,2.7,93.56,74.27,High
56.1,1.93,238,2.5,78.98,6.81,Medium
58.08,3.66,81,6.7,65.89,71.66,High
85.96,3.38,252,28.3,81.06,45.84,High
80.64,2.23,151,12.7,65.45,90.65,High
64.43,2.22,146,1.2,74.09,16.94,Low
96.31,3.59,292,38.6,61.98,88.58,High
93,1.64,79,28.9,69.73,53.68,High
97.7,3.59,273,21,70.19,74.41,Medium
78.67,2.06,250,39.5,65.12,96.64,Medium
57.65,3.99,277,25.7,69.27,2.65,Low
44.99,3.23,82,18.1,47.03,0.11,High
73.3,2.99,120,31.8,72.53,7.25,Low
40.48,2.21,75,34,54.3,1.5,Low
92.3,1.08,84,11.5,51.4,73.4,High
58.2,2.64,198,29,75.15,42.64,Medium
48.9,3.72,253,16,62.93,89.25,Medium
58.03,3.77,29,13,93.56,7.93,High
97.58,3.47,288,28.6,42.96,45.51,High
92.5,3.29,240,16.9,86.96,80.42,Low
78.66,1.83,14,14.5,83.51,47.64,Low
86.57,2.67,296,32.9,33.56,26.76,High
92.48,3.69,275,25,50.14,46.48,High
66.17,2.45,145,21.2,98.46,15.78,Low
98.76,3.36,202,7.2,92.29,50.14,High
52.86,3.93,101,3.6,77.13,43.07,Medium
71.75,3.92,53,25.4,71.02,75.57,Medium
81.97,2.98,92,12.9,51,36.91,High
62.64,3.7,9,19.2,72.2,81.37,Medium
98.57,2.03,113,33.4,58.91,47.19,Medium
80.21,2.16,47,1.7,40.02,64.19,Medium
95.2,3.77,214,30.6,67.85,82.48,Medium
60.38,2.59,137,5.2,64.85,23.37,High
78.66,1.39,10,25.5,75.5,40.36,Low
57.15,1.6,183,19.5,43.34,92.87,Medium
83.34,3.28,151,12.5,85.34,47.85,High
63.84,2.85,112,34.1,92.13,87.62,High
77.35,2,24,25.4,42.88,53.32,Medium
41.98,1.54,147,33.8,39.18,87.99,High
71.02,3.36,61,20.7,31.65,50.47,Medium
73.77,3.35,174,34.8,46.53,60.86,High
50.43,2.21,198,25.1,38,71.21,Medium
77.6,2.57,210,1.8,31.95,28.44,Low
92.7,1.69,147,21.9,45.21,54.35,High
97.38,1.42,67,26.6,68.13,95.47,Medium
93.29,3.13,45,26,90.19,30.48,Medium
81.28,3.58,155,17.4,69.35,2.24,Medium
45.99,1.72,242,38.5,36.36,75.58,Medium
93.12,3.47,100,31.6,88.61,47.31,High
62.43,1.64,136,33.3,59.72,29.86,High
93.59,1.23,204,34.6,99.76,91.75,High
70.81,3.94,153,9.9,58.43,12.01,Medium
93.47,2.71,86,2.9,49.95,10.03,Medium
51.31,3.63,145,2.9,63.77,49.06,High
62.65,3.88,14,23,40.45,66.67,Medium
88.89,3.22,296,15.9,48.89,1.54,High
98.3,2.24,104,36.9,86.32,8.07,High
86.49,2.99,207,22.2,95.33,83.25,Medium
43.35,3.94,169,29.7,89.69,35.85,High
58.39,1.62,41,19.3,85.8,4.56,Medium
43.43,3.96,181,22.6,44.1,92.31,Medium
54,3.02,97,2.2,46.56,73.32,Medium
87.94,2.96,82,8.8,47.17,90.78,Low
52.92,2.24,17,22.7,84.76,38.02,Medium
50.37,3.42,259,8,85.58,62.61,Medium
58.05,2.67,32,1.7,79.38,1.34,High
96.93,1.09,191,33.8,37.06,27.07,Low
67.99,3.04,190,39,58.19,96.15,Medium
64.29,3.58,18,4.2,45.38,68.38,Medium
52.3,3.78,274,3,72.39,8.19,Medium
40.86,2.6,162,22.1,70.91,35.56,High
64.18,3.85,168,18.9,43.7,29.32,High
73.22,2.32,296,26.6,91.07,51.12,Medium
76.01,2.27,189,12.8,45.46,50.79,High
71.49,3.93,180,20.2,57.81,59.79,Medium
75.4,2.17,144,7.8,33.1,67.96,Low
57.86,1.44,166,25.6,94.92,20.03,Medium
59.65,1.27,148,3.3,41.35,25.91,High
71.05,3.25,188,29.6,96.79,95.35,Medium
40.98,2.78,129,7.9,81.26,78.37,Medium
91.97,1.15,154,3.8,73.46,98.53,Medium
48.53,3.05,40,3.9,77.69,91.98,Low
64.6,2.43,163,29.1,94.8,84.73,High
94.36,2.52,155,7.8,99.19,30.5,Medium
64.36,1.07,257,13.9,38.82,53.48,Medium
86.49,3.13,181,23.9,42.04,82.08,Low
71.3,3.51,60,29.4,78.06,5.33,Medium
62.81,1.14,34,24.1,58.08,22.99,Medium
74.56,2.1,59,35.4,81.65,40.76,Medium
90.09,1.82,171,38.7,56.77,21.85,Low
50.76,3.86,93,28.4,89.66,4.12,High
49.24,1.04,256,22.7,49.86,33.37,Medium
65.22,2.62,206,27.3,45.77,88.99,High
53.31,1.45,39,29.3,88.12,62.9,Medium
49.13,2.23,160,25.5,39.51,8.99,Medium
51.34,1.53,35,3.3,51.69,44.23,High
97.15,3.98,162,17.7,60.54,67.11,Medium
78.57,3.56,118,2.2,96.48,97.21,Low
72.2,3.34,96,31.6,61.01,15.56,High
51.11,1.8,56,36.8,77.32,22.53,Medium
70.14,1.34,121,31.4,68.02,20.77,High
59.22,1.1,129,14.7,74.81,3.25,High
97.22,2.9,49,4.9,65.72,91.48,Low
76.72,3.75,125,18.8,52.09,63.03,High
78.35,3,190,9.4,88.16,41.02,High
60.99,3.15,13,14.9,90.27,34.31,Low
94.98,3.64,271,33.2,45.38,62.57,Low
67.32,3.04,225,36.7,90.1,71.97,Medium
58.05,3.9,14,3.4,92.28,25.23,High
94.13,3.49,172,16.1,75.38,65.06,Low
42.96,1.28,14,10.5,55.98,94.18,Medium
61.02,1.32,232,13.9,35.17,88.89,Medium
75.3,3,144,36.4,97.25,52.1,Medium
51.12,1.76,92,4.1,62.21,35.69,High
80.16,1.9,222,26.7,51.66,23.61,High
84.31,3.28,77,15.7,92.28,95.21,High
56.24,2.21,85,32.9,79.14,34.69,High
71.67,3.34,216,7.9,56.66,48.88,Low
84.83,2.96,19,5.2,83.52,21.72,Medium
84.7,1.02,259,16.4,52.1,55.99,Low
64.28,2.73,11,20.6,47.17,75.05,Low
46.86,3.12,275,9.7,49.3,54.07,High
41.53,3.51,13,19.4,62,68.85,Low
99.56,2.03,76,37.6,30.5,19.11,High
72.04,2.93,170,19.1,43.67,94.4,Low
55.8,1.84,138,12.2,60.29,58.7,Medium
55.46,3.47,175,11.1,50.01,60.74,Low
59.78,3.05,295,38.6,95.97,23.19,High
87.99,2.9,199,39.7,53.44,47.72,Low
77.93,3.67,29,9.7,76.9,45.67,Low
59.41,3.98,146,16.4,43.64,43.56,High
87.75,3.46,193,11.5,79.94,2.4,Medium
75.66,2.65,143,24.7,91.75,69.27,Medium
58.57,3.88,56,2.5,83.96,47.13,Low
95.6,2.33,161,34.9,51.75,95.93,Low
84.65,1.75,158,15.6,71.39,40.84,High
95.56,1.14,204,28.3,44.81,29.66,Low
86.83,2.97,274,25.5,47.06,95.68,High
67.96,1.49,166,17.3,72.91,80.33,Medium
55.48,2.06,93,1.3,78.02,1.28,Medium
93.21,2.48,169,27.4,60.18,58.41,Medium
51.72,3.41,280,35.8,60.14,84.16,Medium
86.14,1.82,134,3.3,51.71,23.19,Medium
86.13,1.04,162,37.9,68.54,97.69,Low
81.29,3.76,168,28,53,14.36,Medium
99.12,2.86,270,22.4,79.25,19.59,Medium
60.79,1.45,195,39.6,62.24,69.44,Medium
78.39,3.92,245,10.1,70.84,97.76,High
94.65,1.93,127,31,44.38,13,Medium
64.14,1.23,19,19.9,64.95,47.6,High
71.7,2.78,134,33.3,84.88,19.49,High
64.15,2.39,98,12.3,61.24,86.38,Low
69.52,3.11,116,38.5,86.35,81.79,Medium
86.25,1.11,265,4.5,50.78,60.42,Low
79.11,3.71,128,23.5,63.21,26.5,Medium
71.02,3.96,85,2,31.03,3.77,High
54.08,3.27,211,18.2,70.62,67.73,Medium
99.61,3.7,20,20,94.86,30.81,Low
50.39,3.71,241,18.8,64.66,97.93,Medium
86.97,2.6,97,31.1,97.58,1.61,Medium
44.57,2.04,134,38,38.81,65.99,Medium
72.81,1.39,58,8.7,71.23,43.25,Medium
49.25,1.95,90,38.9,31.23,85.89,Medium
49.25,2.45,246,3.2,67.88,31.43,Low
94.41,1.78,105,2.5,42.79,12.37,High
54.68,2.22,75,2.4,44.75,93.12,Medium
51.02,1.36,83,21,76.27,88.54,Medium
81.22,3.88,244,4.5,92.56,80.03,Medium
53.25,3.76,112,29.1,96.6,36.88,Medium
93.56,3,133,33.4,86.58,36.43,Low
67.34,1.78,32,37.1,65.78,84.58,Low
67.28,2.69,241,10,66.12,52,Low
46.71,3.35,269,12.1,73.89,25.91,Medium
42.43,3.9,211,9.2,50.42,65.73,Medium
85.06,3.9,39,28.6,33.71,52.35,Medium
80.42,2.06,56,18,85.38,98.43,High
49.43,3.57,171,32,64.75,81.45,Low
67.92,3.42,123,5,41.28,42.86,Medium
59.27,1.6,183,5.4,31.61,17.15,High
50.73,1.76,94,24.7,56.12,30.7,Medium
91.83,2.14,160,33.7,45.09,13.62,Medium
67.64,2.47,215,7.8,30.8,48.94,Medium
90.66,1.12,132,8.8,70.5,33.1,High
61.25,1.58,34,28.1,77.21,11.98,High
63.78,1.05,43,7.2,42.06,64.7,High
71.95,2.61,293,6.6,78.51,47.04,Medium
42.87,3.16,267,5.6,60.27,7.78,Medium
52.55,2.58,193,11.2,30.01,22.15,High
90.62,1.38,271,12.6,48.17,39.46,High
62.15,3.39,13,13.6,53.39,23.5,High
54.32,1.92,43,25,74.58,86.43,Low
87.36,1.87,194,35.5,92.43,4.08,High
44.08,3.83,121,22.8,31.9,0.43,Medium
98.71,3.64,217,19.8,85.37,55.46,High
98.74,1.68,50,26.9,72.87,30.05,High
58.74,3.99,81,15.7,83.87,29.41,Low
97.7,2.51,65,36.4,37.66,92.3,Medium
77.8,2.37,298,20.7,74.85,86.62,Medium
76.83,2.61,213,7.2,72.48,80.17,High
40.48,2.41,102,11.8,65.39,89.77,High
75.84,2.72,239,22.8,45.87,35.64,High
68.49,2.46,147,11.7,56.83,58.72,High
87.64,3.28,288,4.4,94.27,50.81,Medium
65.78,2.77,102,15.4,67.17,8.72,Medium
97.43,3.35,230,21.3,81.91,41.32,Low
83.12,3.92,171,10,91.32,82.77,Low
68.46,1.81,170,13.5,86.61,82.98,Medium
47.07,2.54,286,38.3,35.63,81.71,High
79.89,2.31,15,32.2,59.85,0.51,High
89.6,3.68,246,33.2,68.9,66.89,High
98.96,2.52,251,37.5,47.27,6.28,Medium
76.36,3.7,183,22.9,53.3,99.62,High
72.69,2.2,16,38.3,43.68,39.14,Medium
95.15,1.71,217,31.2,94.44,92.36,High
82.12,1.81,194,33.1,78.41,77.09,Medium
82.24,3.45,290,14.4,54.53,58.8,Medium
60.45,3.73,7,28.1,61.07,8.08,High
93.92,3.27,217,1.6,43.85,34.03,Medium
46.94,3.81,170,27.1,52.41,67.81,High
45.6,3.31,90,3,73.31,13.28,Medium
59.11,1.14,271,11,92.36,30.19,High
94.67,3.02,255,17.1,67.61,85.21,Medium
93.03,3.89,37,38.7,54.03,49.59,Low
58.2,1.11,184,5.4,78.28,48.04,Medium
58.94,2.92,184,29.3,99.37,26.56,Medium
66.09,1.54,188,27.5,95.67,91.98,Medium
75.68,1.03,156,28.3,81.83,36.62,Medium
51.95,1.86,254,23.3,57.1,4.55,Low
40.2,1.87,253,19.9,84.07,29.15,Medium
95.51,2.07,127,10.4,98.97,72.01,Medium
67.58,2.92,27,8.5,84.39,38.18,Medium
55.19,1.6,105,24.1,96.72,84.88,Medium
89.21,1.98,222,26.8,65.58,12.37,Medium
40,2.34,237,2.4,65.83,40.01,High
45.33,1.89,126,16,62.65,99.88,Low
88.93,3.53,171,21,36.03,65.79,High
51.97,3.04,67,25.3,65.32,73.62,Medium
40.27,2.21,79,13.6,67.51,73.28,Medium
44.55,1.21,241,22.4,60.96,27.91,High
55.08,1.5,110,26.6,34.6,3.65,High
66.69,1.5,16,28.2,62.68,2.78,Medium
55.93,1.17,253,10.3,65.88,4.47,High
79.32,3.52,27,13.1,62.09,73.7,Medium
40.14,3.79,109,38.7,65.49,1.15,Medium
67.73,2.4,137,16.9,52.85,50.8,Medium
65.43,1.27,298,28.2,77.31,7.24,High
94.85,2.41,84,13.4,73.61,31.81,Medium
48.24,1.76,236,9.8,47.03,29.6,Medium
57.59,2.64,141,32.1,90.35,25.11,Low
41.12,2.31,215,4.2,43.62,60.94,Low
62.44,1.47,30,25.2,59.92,45.71,Medium
85.68,3.88,232,20.8,64.64,79.05,High
81.08,3.57,226,29.4,60.56,21.46,Medium
53.26,2.75,196,12.3,93.33,20.76,Medium
67.3,3.18,199,34.2,77.23,21.74,High
59.68,3.03,224,2,69.93,67.08,Medium
69.98,2.36,180,18.7,53.72,43.18,High
93.7,3.56,89,31.3,86.65,62.4,Medium
92.87,1.2,214,25,92.4,87,High
96.27,1.66,35,6.7,79.41,78.44,Medium
63.59,2.62,57,33.7,62.54,54.91,Low
62.56,3.15,58,22.6,65.42,36.38,High
88.03,1.72,131,18.9,77.93,24.4,Low
63.98,1.94,112,17,30.43,16.89,Medium
70.56,3.63,118,31.5,68.22,10.42,Low
96.99,1.63,270,38.2,33.1,58.46,Low
80.15,3.94,227,2.8,59.91,50.85,Medium
45.35,3.94,180,3.4,94.46,9.53,Medium
76.27,2.22,40,33.4,75.08,16.69,Medium
63.27,2.96,141,5.1,72.88,8.59,Medium
80.6,2.98,238,13.8,31.85,57.23,Medium
63.5,3.91,93,25.4,83.29,45.98,Medium
69.51,3.47,244,19.5,49.16,16.45,Medium
76.67,2.84,222,26.4,52.66,48.06,Medium
97.42,1.14,258,14.4,45.27,57.07,Medium
49.12,1.87,190,10.4,77.43,91.11,Low
46.01,1.2,298,24.8,77.96,45.25,Medium
55.5,2.29,23,3.5,70.26,20.97,High
85.25,3.92,90,4,68.64,16.31,Medium
58.62,1.73,113,14.5,81.53,84.33,High
70.22,1.14,165,36.9,84.49,70.05,High
81.16,1.3,288,15,78.01,65.45,High
89.19,2.74,108,28.2,67.81,5.77,Medium
64.14,1.46,243,24.4,38,90.75,High
91.23,1.44,287,17.5,42.64,15.28,Medium
88.13,1.15,53,28.3,84.68,18.66,High
82.62,2.56,276,36.6,51.72,98.22,High
76.75,3.83,40,36.4,50.15,55.52,Medium
62.93,1.17,30,21.2,50.6,17.1,High
98.28,3.97,232,24.4,63.02,5.22,Medium
58.73,3.03,14,14.7,98.22,99.94,Low
69.46,3.51,37,1.9,82.92,66.02,Low
72.75,1.13,93,21,93.39,22.34,Low
46.66,2.39,287,31,59.87,80.3,High
57.18,2.38,240,2.4,46.25,71.4,High
43.15,1.12,173,39.9,63.23,28.63,High
44.51,1.54,213,29.9,36.05,83.11,High
74.47,2.68,26,27,88.16,68.86,Low
83.76,2.85,278,34.2,36.36,85.54,Low
98.5,1.83,24,21.5,36.08,86.87,Medium
40.73,3.11,12,9.9,69.01,7.14,Medium
72.22,2.49,54,21.9,97.25,20.84,Medium
91.2,3.12,244,17.3,31.79,50.64,Medium
42.44,1.2,293,34.7,85.89,68.28,High
58.66,2.2,99,4.4,59.95,89.55,High
72.87,2.54,143,19.9,43.33,75.28,High
43.9,1.56,114,21.3,33.7,6.13,Low
75.17,3.94,199,33.4,96.49,57.45,Medium
78.21,3.08,118,19.6,79.25,34.06,Medium
78.39,2.12,45,1.9,88.62,94.44,High
42.93,1.72,264,36.1,89.03,34.05,Medium
89.7,1.56,166,33.9,33.41,77.43,Low
81.15,3.13,62,17.9,81.69,24.9,Low
76.29,1.59,242,9.7,94.75,47.04,Medium
68.17,3.77,259,26.3,49,51.5,Low
84.56,1.5,14,3.3,38.66,89.79,Medium
62.85,2.26,195,25.1,33.39,29.25,Medium
47.27,3.37,79,3.1,85.4,3.72,Low
79.17,1.63,49,21.3,77.17,53.29,Low
44.74,1.79,71,36.4,37.8,4.87,Medium
85.16,3.77,152,32.9,72.19,58.62,Medium
92.71,3.94,46,10.2,30.46,52.7,High
54.41,1.79,130,25.8,62.59,12.47,Low
55.97,1.05,98,18.9,41.85,52.2,High
63.66,1.75,162,35.3,30.82,44.9,High
66.42,3.71,231,22.9,70.97,68.69,Low
99.24,1.67,67,6.7,51.24,95.87,High
40.9,1.06,207,38.7,68.97,90.34,High
95.78,2.87,154,36.9,38.41,77.91,Medium
47,1.83,18,29,71.47,90.26,Medium
48.94,2.95,106,4.5,76.97,12.15,High
72.14,2.57,187,23.7,83.57,17.23,Medium
82.77,3.41,246,20.7,96.25,12.58,Medium
84.66,2.8,284,22.2,57.15,0.28,Medium
73.45,1.03,151,36.4,93.19,2.19,High
43.71,3.24,184,10.6,67.75,66,Medium
59.81,3.59,84,8.6,56.93,67.45,High
72.45,3.55,150,37.1,43.8,51.64,High
83.47,3.89,124,1.4,37.66,31.99,Medium
72.68,2.38,132,16,44.68,38.45,Medium
99.58,2.46,12,5.9,53.84,27.92,Low
57.64,1.38,217,20.1,55.97,83.15,High
61.51,1.95,7,5.6,55.49,65.84,Medium
48.61,1.27,218,5.2,32.33,98.99,Medium
55.22,2.15,114,38.2,94.73,5.11,Medium
41.93,3.01,70,1.2,73.97,28.43,Medium
57.91,3.41,156,7.9,87.52,28.57,Medium
98.84,2.4,215,24.6,92.28,26.02,Medium
46.93,1.66,226,13.4,45.25,60.63,Low
43.55,1.45,200,25.6,38.69,51.16,Medium
50.8,1.85,206,37.2,47.5,54.78,Medium
88.06,2.42,157,22.7,55.74,40.3,Medium
95.59,2.13,77,9.6,64.6,45.95,Low
46.24,3.79,176,33.9,63.02,98.28,Medium
97.98,3.26,17,20.5,86.13,93.37,High
49.83,1.9,259,8.7,94.71,29.77,Medium
49.12,3.97,238,19.5,30.18,77.39,High
68.91,3.24,66,21.6,56.5,9.77,Medium
88.59,2.44,37,25.5,31.61,67.88,High
65.62,2.6,69,5.8,62.54,73.63,Medium
87.33,3.56,58,16.7,40.4,34.53,High
87.32,2.24,283,15.7,64.64,16.27,High
78.74,2.51,96,9.7,84.02,8.87,Medium
82.48,3.84,215,3.1,36.34,48.38,Medium
54.14,1.11,230,17.8,68.85,85.85,Low
69.47,2.87,216,33.8,46.2,17.98,High
99.53,3.43,17,23,87.47,33.11,High
70.26,2.67,161,39.7,61.63,42.95,Medium
48.02,2.97,153,8.6,36.26,95.84,Medium
75.38,2.09,213,29.3,91.35,63.07,Medium
96.07,2.62,177,33.5,83.78,15.9,Medium
90.18,1.22,249,14.4,96.01,24.12,Low
50.04,3.41,274,34.5,41.37,47.83,Medium
72.41,3.67,131,22.2,32.46,55.34,Low
95.15,2.5,194,18.6,99.54,11.46,Medium
54.29,2.58,266,37.4,41.8,94.02,Medium
89.5,1.17,133,8.8,63.53,66.47,Medium
48.14,1.7,137,26.2,89.89,26.77,Medium
66.4,1.04,117,32,68.32,79.44,High
61.09,2.04,94,38.6,37.89,76.91,Medium
76.15,1.85,136,26.1,45.94,0.44,High
67.9,3.32,258,29.8,37.39,66.09,High
54.67,2.81,237,24,68.19,68.06,High
88.44,1.33,169,22.9,89.77,46.59,Medium
45.3,2.41,274,28,71.97,48.2,High
52.95,1.59,226,21,79.06,9.39,Medium
54.93,2.57,297,23.8,69.42,34.12,Low
88.87,2.1,54,8.6,75.16,62.31,High
76.62,1.66,181,9,42.42,72.76,Low
66.36,1.61,268,3.9,39.56,95.8,High
78.14,1.61,91,5.7,67.36,80.59,High
41.35,2.85,248,21.8,93.02,40.43,Low
51.13,3.22,118,30.5,50.74,37.29,High
50.13,1.08,134,8,71.17,57.5,High
93.33,2.81,267,39.8,83.19,41.25,Medium
58.96,1.29,174,3.2,53.84,67.01,High
88.04,2.5,94,10.2,67.52,13.53,Medium
49.34,3.28,192,6.3,35.89,1.93,Medium
79.95,1.9,89,34.2,75.85,5.67,High
82.7,1.02,12,22,99.06,25.06,Medium
85.53,1.67,46,18.3,72.38,15.99,High
61.19,2.31,163,33.5,86.06,2.52,High
94.05,2.62,134,6.1,94.03,58.82,Medium
92.35,1.24,92,31,61.75,74.9,High
79.82,1.61,182,24.2,71.69,88.78,Medium
77.7,2.99,46,35,65.9,32.44,Low
97.92,2.45,28,6.8,94.63,14.75,Low
57.46,3.61,199,13.8,62.2,7.82,High
61.3,1.2,95,25.6,91.58,76.09,Low
56.56,2.72,273,16.5,76.13,5.97,Medium
42.36,2.81,84,9.7,48.49,51.05,High
93.9,1.89,163,26.8,85.8,7.25,High
92.38,1.54,281,32.6,37.61,89.84,Low
66.78,2.23,140,11.1,77.2,24.6,High
73.15,3.26,118,39.8,39.05,55.09,High
44.7,3.29,227,37.7,62.86,95.3,High
63.4,3.77,242,39.2,30.96,30.46,High
87.14,1.06,187,3.4,81.7,93.13,Medium
81.35,1.49,233,23.7,70.23,99.59,Medium
61.09,3.49,177,31,76.7,60.07,High
94.29,2.61,129,34.1,99.76,66.57,Low
50.39,1.58,168,1.8,39.64,64.23,High
97.66,1.97,36,23.1,68.66,33.23,High
77.11,1.53,245,8.1,45.49,89.98,Medium
90.27,1.13,52,27.3,48.24,90.34,Low
63.95,2.41,121,31.6,97.36,51.74,Medium
75.48,2.27,270,28.5,40.75,7.72,High
41.11,2.99,71,31.9,57.97,22.87,Medium
78.63,2.05,214,7.5,76.23,3.02,High
43.5,3.83,236,32.5,77.01,47.23,Medium
62.11,1.88,75,27.7,71.83,68.45,High
91.67,3.84,42,7.7,79.8,47.28,Medium
64.64,1.47,239,8.2,89.24,8.38,High
53.75,1.51,33,21.3,92.31,66.86,Low
90.63,3.25,198,40,49.54,28.36,Medium
96.62,2.82,71,25.4,60.52,49.16,Low
49.77,1.47,233,4.1,34.81,82.54,High
51.41,3.36,167,14,52.44,74,High
97.17,2.67,97,1.5,49.46,77.05,Medium
70.04,1.25,208,27.4,41.97,33.22,Low
63.19,3.46,219,27.9,62.33,68.96,Low
78.74,1.05,9,9.8,91.91,29.92,Low
67.38,1.23,243,16.1,79.21,94.17,High
66.35,3.31,82,14.5,85,86.12,Low
84.89,3.64,168,26.5,83.39,89.11,Medium
41.76,3.69,189,11.8,57.92,10.14,Medium
50.79,3.24,136,23.2,95.09,57.93,Low
74.06,2.53,87,32.7,87.44,30.65,Medium
74.52,2.48,215,27,56.64,49.31,Medium
88.24,1.73,106,9.6,96.59,35.13,Low
72.78,2.47,160,32.1,43.84,80.91,Medium
82.5,1.84,89,9.8,73.07,93.7,Medium
91.81,1.56,82,28.1,52,75.46,Low
51.88,3.12,212,35,80.81,95.68,Medium
60.31,3.64,174,22.5,54.74,30.98,High
77.83,1.37,273,20,38.36,35.12,Medium
50.5,1.89,193,6.3,35.13,97.25,High
93.49,1.56,67,9.5,43.79,54.92,Low
65.27,2.97,155,16,33.06,39.08,Medium
60.14,1.24,94,29.9,85.15,38.09,High
56.77,2.6,53,38.1,49.08,39.35,Medium
83.96,3.31,216,6.6,99.94,61.9,Medium
70.89,1.86,152,28,78.16,65.77,Medium
52.67,3.33,171,2.5,44.68,48.3,High
70.55,3.95,112,22.4,41.57,53.04,High
69.01,1.98,294,27.1,62.68,95.41,Low
87.78,1.36,8,35.2,65.78,42.27,High
65.94,2.95,192,32,91.22,89.82,Low
51.46,2.57,13,14.4,48.88,27.32,High
77.93,1.51,271,10.2,58.92,52.02,High
85.53,1.94,20,30.8,54,50.42,Medium
60.7,3.26,164,25.7,38.66,21.64,High
47.96,1.23,87,38.4,59.1,33.03,Low
67.5,3.58,28,27.1,77.23,80.16,High
80.68,1.09,244,38.2,78.39,34.35,High
44.85,2.5,161,15.9,41.25,28.31,Medium
57.3,1.88,200,24.9,93.59,87.56,Medium
53.3,1.46,212,20.4,43.74,38.82,High
68.7,1.89,192,32.2,55.32,6.91,High
97.81,2.09,143,12.7,71.74,5.55,Low
62.72,2.96,86,15,51.36,7.48,High
73.26,3.29,196,23.2,97.26,52.42,Medium
85.08,2.86,248,35.3,67.64,22.2,Medium
80.73,3.88,271,6.4,93.55,96.63,Medium
69.58,3.32,215,22.5,37.66,74.24,High
79.54,1.72,178,21.1,78.01,95.32,High
88.18,1.09,172,23.3,53.55,20.2,Low
97.82,1.82,201,21.5,74.69,5.4,High
47.36,3.45,140,8,59.25,77.87,High
43.14,2.75,56,4,38.84,44.22,Low
49.92,2.99,123,31.4,78.47,32.62,High
72.88,3.02,61,23.9,49.5,60.99,Medium
76.76,3.41,10,10.2,35.48,37.49,Low
41.86,2.89,98,37.1,60.89,56.6,High
72.91,3.76,203,14.7,87.54,99.21,High
46.26,2.95,212,19.4,49.97,35,Medium
51.49,1.41,145,34.4,35.52,68.84,High
40.6,2.83,12,25.4,40.78,28.75,Medium
43.81,3.83,82,26.5,79.55,97.67,High
92.41,2.25,174,20,34.25,83.91,High
45.73,3.51,160,21.4,33.85,20.84,High
88.05,2.71,193,19.7,55.87,36.41,High
97.49,2.48,88,19.1,78.85,31.21,High
96.61,3.89,238,13.1,95.23,95.6,High
83.2,2.08,179,4.6,98.46,11.13,Low
46.65,1.99,15,13.4,96.42,67.82,Low
55.64,3.21,190,16,37.26,57.46,Medium
45.46,3.51,198,15.9,50.81,62.67,High
65.09,3.37,104,18,31.26,57.76,Medium
98.06,2.88,97,1.7,56.34,57.77,High
46.54,2.44,206,13.7,98.55,63.74,High
48.37,1.65,162,11.1,53.79,2.47,Low
95.38,3.2,103,11.7,76.19,36.09,Medium
70.19,1.48,79,4.1,63.49,76.91,High
67.41,1.06,144,32.1,79.11,58.37,High
81.1,3.65,145,37.8,35.07,31.9,Medium
84.19,3.15,243,38.7,38.34,14.34,High
73.25,1.33,261,23.2,45.45,35.33,High
97.58,2.44,136,31.2,84.03,73.25,Medium
56.5,3.01,29,10.1,64.66,62.92,High
77.54,1.57,97,37.3,87.89,12.88,High
79.2,3.51,131,15.6,69.82,63.94,Medium
49.17,2.47,135,26.3,49.92,70.25,Low
97.83,3.57,286,15.5,52.48,96.91,High
42.84,2.75,65,39.5,57.44,97.16,Medium
42.46,3.88,49,15.4,84.08,56.85,Low
64.43,1.48,114,28.3,99.57,7.85,High
85.54,3.09,132,36.1,43.14,13.2,Medium
92.46,1.33,122,39,65.1,31.88,High
90.5,3.18,283,12.2,66.63,0.75,Medium
64.84,2.35,29,16.7,46.08,76.8,High
77.89,2.44,117,38.7,94.83,36.97,Low
72.31,2.25,86,18.7,64.34,97.86,High
68.67,3.93,122,8.3,90.87,66.78,High
63.06,1.38,138,17.9,89.33,15.14,High
83.38,3.38,224,11,89.12,78.14,High
51.21,2.19,205,18.9,55.87,5.88,Medium
47.58,3.95,40,25.2,94.87,33.55,High
51.62,2.8,282,26.3,83.41,11.06,High
61.69,3,129,27.2,38.16,1.16,High
63.27,1.7,110,39.6,48.9,96.33,Medium
68.62,3.35,21,2,89.14,35.62,High
74.89,2.1,176,27.5,71.31,53.81,High
82.27,1.84,47,1.1,33.91,28.58,Medium
97.5,3.62,142,12.9,91.61,99.12,Medium
97.62,1.59,11,22.8,80.19,15.05,High
44.1,3.75,100,33.9,38.01,62.93,Medium
58.1,3.12,135,21,34.51,73.23,Medium
99.81,2.17,78,16.1,44.35,68.91,High
45.91,2.9,200,28,48.5,95.43,Medium
62.73,1.04,275,18,74.95,44.1,Medium
67.13,2.34,98,31.7,48.37,67.88,Medium
87.05,2.11,17,2.6,30.44,56.52,Medium
80.85,3.15,255,25.2,53.33,39.8,High
86.9,3.1,288,22.9,86.21,47.17,High
49.27,3.26,171,29.8,54,13.9,Medium
52.89,3.34,54,4.8,55.51,42.96,High
51.05,1.14,53,18.4,92.96,2.23,Low
60.73,3.91,110,5,37.88,88.64,Medium
67.85,1.81,13,20.3,82.28,85.9,High
95.59,2.14,247,24.1,93.46,85.85,Medium
95.74,3.65,269,29.8,95.26,83.35,High
67.45,2.94,99,13,31.94,96.99,Medium
91.77,3.23,190,9.7,82.67,92.71,Medium
43.37,3.5,111,37.1,48.03,88.31,High
56.64,1.24,33,27.6,88.02,59.89,High
76.05,1.73,6,25.1,94.3,28.08,High
52.77,3.96,83,18.8,60.11,5.51,High
80.96,3.85,282,3.8,69.34,4.59,Medium
85.19,3.98,101,30,65.18,21.79,Low
72.29,3.92,175,24,34.33,65.4,Medium
98.29,3.83,293,26,79.55,7.67,Medium
78.38,2.01,29,7.8,31.61,30.77,Medium
44.37,2.41,25,12.7,43.84,72.24,Medium
87.99,2.69,191,23,45.38,85.83,Medium
58.72,2.57,154,22.2,46.73,37.56,Medium
78.83,3.42,229,35,86.4,28.58,Medium
49.46,2.03,86,34.6,84.57,28.74,High
94.4,1.78,295,36.9,78.78,96.97,High
61.12,3.69,26,15.8,58.08,35.93,Low
99.8,3.25,71,5,97.1,9.83,Medium
60.45,3.36,106,4.8,40.93,87.65,Low
57.67,1.17,295,8.7,99.84,86.41,Low
64.54,1.74,59,15.2,74.31,81.87,High
45.93,1.93,244,34.3,76.04,71.44,High
60.53,1.18,242,15.3,65.84,1.2,Low
61.29,1.11,252,31.5,86.45,66.05,High
54.43,3.95,177,9.1,41.49,10.4,Medium
61.84,2.24,254,28.5,63.77,76.56,Medium
77.14,1.23,146,34.8,88.44,89.38,High
42.17,1.61,51,25.6,92.88,54.89,Low
50.25,2.23,95,9.6,35.84,34.65,Low
95.64,1.57,185,18.2,87.18,98.32,High
66.68,2.17,291,4.1,99.67,25.26,Medium
87.17,3.66,44,32.3,72.4,27.6,Medium
52.22,2.64,250,36.5,86.66,68.07,Low
43.12,2.74,84,1.1,37.87,49.76,Low
88.23,2.8,267,24.5,90.35,78.77,Medium
99.17,1.52,204,13.3,88.26,74.29,Medium
71.85,1.63,292,30.9,81.64,63.2,Medium
45.97,3.28,232,16.3,39.83,7.14,High
79.36,2.45,125,8,92.17,37.96,Low
63.99,2.36,258,2.5,94.38,62.36,Medium
75.17,2.73,151,25.9,55.3,51.08,Low
64.36,1.97,267,26.7,41.63,58.37,High
42.95,2.64,143,4.5,95.67,58.5,High
51.75,3.3,227,14.7,42.2,14.12,High
68.38,3.57,217,11.6,52.52,84.51,Medium
48.45,3.07,24,21.8,77.76,64.15,Medium
69.45,3.98,20,31,60.83,49.77,Low
75.33,1.5,246,1,81.63,85.43,Low
50.76,3.07,217,25.8,69.36,52.59,Low
79.63,2.6,6,30.6,69.54,51.52,Medium
94.65,3.15,147,11.5,82.87,36.29,Low
47.88,2.87,33,19,30.39,68.3,Medium
49.63,3.41,30,10.1,73.58,56.48,High
54.91,3.12,183,32.4,72.12,40.45,High
94.02,1.03,84,29.8,48.65,6.68,High
52.41,3.2,206,5.2,97.22,39.56,Medium
80.42,3.11,98,29,74.77,25.85,High
82.33,3.64,142,4.2,91.25,53.58,Medium
95.24,3.99,197,30.2,93.67,37.49,Medium
89.48,1.8,219,16.6,70.66,48,High
66.69,3.24,227,17.6,40.95,3.72,Low
47.82,1.06,137,37.5,85.53,94.52,Medium
92.67,1.49,128,13.4,44.09,46.33,High
67.16,2.53,23,9.5,40.69,72.72,Medium
93.4,1.58,200,25.5,31.44,21.96,Medium
95.48,1.51,127,7.2,95.03,29.69,Medium
53.22,1.33,175,22.1,66.61,21.52,Medium
86.96,3.75,29,39.6,75.49,87.04,Low
99.7,2.93,226,36.8,70.8,35.69,High
47.46,3.38,105,25.9,71.6,92.89,Low
51.6,2.3,279,7.8,40.64,61.5,Medium
63.72,3.41,114,6.7,41.78,47.47,High
54.11,1.89,293,9.3,71.25,63.85,Medium
59.68,1.28,221,37,55.45,31.59,Medium
88.66,3.12,159,1.4,98.73,61.16,High
57.45,2.25,174,21.3,65.13,77.23,Medium
85.91,3.14,237,18.2,49.17,40.94,Medium
81.22,3.81,282,6,97.19,90.09,Medium
93.95,3.68,9,9.1,77.57,84.32,High
79.94,2.06,168,3.3,73.41,46.46,High
52.64,3.25,123,3.4,64.76,32.27,High
55.97,2.49,253,2.2,60.38,13.09,Low
86.7,1.38,244,24.6,48.48,86.46,Low
42.68,1.42,147,34.8,65.83,36.58,High
70.06,1.51,28,9,48.96,44.46,Medium
78.51,1.93,100,29.4,42.7,42.35,Medium
54.39,1.72,179,5.2,66.31,9.73,Medium
67.1,1.08,98,9.6,92.24,56.26,High
89.96,3.6,90,19.5,75.76,23.69,Medium
64.56,1.45,212,35.6,87.35,44.6,Medium
42.65,2.93,16,19.4,63.34,55.25,Medium
68.56,3.95,10,5.8,53.49,97.33,Medium
84.68,1.15,197,1.7,68.78,17.93,High
41.88,3.66,265,31.5,59.87,49.25,High
82.19,1.57,289,9.7,71.6,55.6,Medium
77.2,1.72,259,37.2,77.93,12.71,High
48.01,3.5,27,9,90.36,99.94,Medium
79.9,1.54,220,33.4,92.79,47.09,High
96.05,2.7,55,6.1,45.51,26.32,Medium
80.04,3.83,152,14.3,35.89,76.22,High
74.57,3.65,202,26.3,59.01,56.98,Medium
46,3.22,170,10.6,42.21,57.03,Medium
86.57,3.31,37,14.8,53.91,0.72,Medium
85.72,3.14,31,39.1,99.11,68.29,Low
47.76,3.79,272,1.5,62.52,85.16,Medium
73.54,1.12,55,21.7,75.95,97.73,High
57.75,2.07,155,1.9,68.88,73.16,Low
75.8,2.83,198,39.4,92.05,61.12,Medium
46.28,1.91,19,21.9,61.82,26.54,Medium
70.99,3.57,210,11,81.43,94.52,High
60.41,2.28,277,4.1,68.54,19.85,High
60.4,1.65,290,39.2,67.63,73.79,Low
92.55,2.7,117,38.9,58.65,85.34,Low
63.24,1.76,162,2.9,42.71,27.76,Low
84.36,1.97,251,16.6,38.93,55.74,Medium
48.84,3.07,198,35.5,33.14,3.34,High
40.91,1.24,108,9,96.85,80.8,Medium
94.35,1.45,227,19,71.12,55.22,High
48.25,3.64,119,22.6,79.65,24.51,Medium
83.7,1.41,187,28.9,89.02,36.06,Medium
91.76,2.39,251,32.8,36.34,3.67,High
78.25,1.52,240,3.7,31.25,66.2,High
69.97,1.76,118,16.5,63.07,46.08,Low
69.58,2.08,56,11.3,45.3,30.93,High
61.67,2.84,88,17.9,99.28,53.09,Medium
56.35,1.51,221,33.9,65.75,25.96,High
51.93,2.69,79,31.1,91.25,21.43,Medium
71.8,2.73,47,15.5,89.92,6.08,High
42.77,2.33,270,31.1,52.31,90.02,Low
94.24,3.22,24,26.6,53.23,21.16,Low
93.41,2.53,291,13.7,48.4,27.76,High
53.37,1.57,219,6.4,96.6,86.87,Medium
45.18,2.47,108,15.8,55.86,73.43,Low
80.37,3.95,49,23.3,76.27,69.3,Medium
46.13,2.65,11,39.6,48.99,95.57,High
81.93,3.03,258,20.4,95.56,90.93,Medium
86.78,2.7,61,35.8,98.25,77.07,High
87.21,1.15,268,15.4,32.92,97.75,Medium
84.41,3,290,14,70.33,96.24,Low
61.94,1.02,198,26.6,91.96,67.33,Medium
66.13,3.24,130,26.4,64.39,76.68,Medium
59.28,1.09,270,21.5,43.43,47.26,High
75.35,1.94,105,12.5,72.17,9.38,High
78.09,3.46,57,27.4,74.12,96.87,High
61.21,2.01,138,7.7,54.61,97.53,Medium
85.12,2.23,16,7,92.8,34.43,High
69.72,3.85,169,6.3,37.01,82.72,Low
93.71,1.15,130,24.4,82.6,38.48,High
70.1,1.55,66,33.8,54,63.71,Low
75.01,1.58,167,33.9,68.84,20.46,High
68.03,2.78,157,4,37.83,4.78,Low
75.69,1.98,201,34.9,45.02,19.76,Medium
42.77,3.49,245,17.1,58.09,85.83,Medium
80.77,3.56,193,12,75.71,51.68,Medium
83.61,1.04,232,28.6,98.15,31.57,Medium
86.02,2.6,65,14.4,89.57,25.86,High
88.01,1.44,35,13.7,97.03,80.18,High
68.13,1.62,241,30.3,74.46,34.76,Medium
68.7,3.64,248,22.9,77.26,3.66,Medium
72.51,2.78,224,1.2,76.74,64.77,High
68.41,1.1,94,27.1,96.93,95.64,Medium
96.22,1.89,269,2.8,85.73,80.14,Medium
80.87,3.44,37,13.6,85.46,51.35,High
76.45,1.3,261,35,58.32,33.51,High
54.55,3.3,236,3.3,82.16,78.67,Low
91.06,3.24,120,16.8,90.79,64.86,Low
77.9,1.36,151,32.5,66.69,44.68,Medium
80.53,3.04,176,29.6,93.29,77.35,Low
70.66,1.37,87,15.4,61.83,71.14,Low
62.7,1.08,271,7.3,45.23,32.72,Medium
93.62,2.71,68,26,97.25,54.89,High
61.18,2.68,252,27.9,59.22,22.43,Low
90.94,1.85,209,38.9,94.69,46.76,Medium
68.49,3.53,143,25.1,58.82,92.74,Medium
73.57,2.93,190,4.3,91.55,1.49,High
61.04,1.26,120,36.5,66.13,26.21,Medium
74.73,1.49,35,39.4,50.84,3.21,Medium
84.46,2.96,213,38.2,49.73,45.25,Medium
73.04,3.5,202,8.4,84.44,67.15,High
47,3.74,276,36.9,69.91,34,Medium
52.92,2.31,277,29.9,93.33,59.84,Medium
47.86,1.14,202,17.9,51.43,26.57,Medium
76.65,3.44,11,12.1,46.59,7.56,High
85.78,1.8,233,37.1,80.36,41.63,Medium
84.55,1.11,160,10,83.46,48.49,Medium
87.43,3.11,113,5.8,63.97,78.21,High
97.07,2.46,267,14.6,90.25,82.84,High
84.94,3.04,256,18.8,63.3,11.34,Medium
48.88,3.73,285,8,42.05,96.2,Medium
46.41,1.37,25,11.4,47.3,0.32,Medium
77.09,1.1,268,32.3,97.05,75.44,Medium
91.34,2.53,15,13.2,72.85,68.77,Low
53.01,2.58,188,15.6,41.12,88.83,High
54.16,2.07,56,32.9,88.99,6.02,Low
71.48,3.85,139,15,82.68,66.95,Medium
99.5,2.49,239,37.7,75.12,81.3,Medium
45.86,1.15,145,10.8,78.22,85.8,High
51.27,2.27,205,17.3,88.52,6.47,Medium
51.4,3.86,221,14.7,46.49,63.45,Medium
90.5,2.3,46,2.9,40.49,79.89,High
56.31,2.68,179,27.5,66.12,42.7,Low
71.67,2.13,173,32.4,82.32,9.28,Medium
58.66,2.36,142,5.1,74.41,17.71,Medium
87.22,3.35,118,22.6,89.62,88.62,Medium
95.21,1.33,141,4.4,74.84,74.86,High
49.78,3.61,82,35.2,88.8,73.51,Medium
55.8,2.38,220,31.1,74.01,83.52,High
80.86,1.01,176,24.4,30.66,93.22,Medium
94.14,3.15,162,36.3,96.73,90.98,High
68.33,2.78,222,7.3,40.43,56.22,Medium
79.32,2.46,246,25.1,53.45,57.34,Medium
84.97,2.32,56,9.8,78.79,52.55,High
54.84,1.5,189,21.4,90.94,16.08,Medium
50.69,1.83,296,22.5,60.82,2.65,Medium
58.37,2.86,85,2.8,35.11,9.94,High
60.57,1.88,155,13.3,98.68,31.33,High
74.92,3.53,145,6.9,41.32,68.58,Low
64.19,2.54,154,32.9,88.79,3.44,Low
45.44,1.85,60,7.6,95,53.29,High
98.27,1.52,6,36.3,89.85,57.12,Medium
92.92,1.7,262,3.1,36.66,75.76,Low
62.75,2.31,24,7.9,88.12,87.5,Medium
47.53,2.12,35,8.4,65.63,91.18,High
40.21,3.59,48,4.1,39.04,4.26,Low
70.3,1.66,52,16.8,57.61,96.27,Medium
78.52,2.71,31,17.6,96.49,35.01,Low
89.64,1.48,260,3.7,54.34,87.79,High
40.24,1.72,212,37.9,78.6,5.1,Medium
45.18,2.51,92,24.1,33.3,36.99,High
47.23,3.27,190,23.4,63.43,23.11,Medium
92.08,1.17,223,27.6,86.8,37.24,High
85.53,1.42,15,11.1,81.44,68.38,Low
57.54,1.49,58,12.1,38.96,82.6,Medium
81.15,3.47,31,38.8,64.14,31.34,Low
46.64,1.83,172,12.6,98.98,43.87,Medium
78.66,3.1,263,12,98.26,93.77,Medium
67.55,1.49,11,24.3,41.73,84.69,Medium
92.95,2.1,22,39.6,93.55,53.67,Low
56.05,1.21,279,5.5,48.21,40.66,Medium
86.76,2.08,9,31.4,67.17,59.87,High
97.9,1.46,40,17.3,35.17,84.13,High
50.08,2.65,139,26,58.04,89.68,High
56.77,2.88,240,12.4,81.22,19.78,Medium
66.38,3.78,98,29.7,37.02,28.52,High
50.85,3.82,5,10,85.46,1.29,Low
55.61,3.12,266,19.9,45.24,78.74,High
81.22,1.83,269,37.2,72.56,58.06,High
59.05,2.91,236,14.9,74.92,9.66,Low
89.67,1.82,126,10.6,91.19,15.13,Medium
50.94,3.02,172,37.7,40.18,49.78,High
94.08,3.38,235,27,64.21,75.35,Medium
45.38,1.97,40,25,64.16,75.56,High
74.8,2.94,279,16.8,89.64,22.62,Low
63.78,3.33,213,28.8,94.94,21.41,Medium
65.76,1.12,294,18.1,79.1,69.89,Medium
80.22,3.35,132,12.9,83.28,18.64,High
49.34,3.76,184,26,94.57,88.43,High
54.32,1.32,244,14.9,87.76,35.91,High
77.24,1.31,222,8,98.36,72.59,Low
80.59,2.81,299,17.6,76.97,69.15,Low
55.21,3.11,14,18.2,63.5,64.81,High
84,3.61,183,22.6,90.23,53.2,Medium
46.76,1.25,223,15.1,49.59,73.84,Medium
51.6,2.65,118,16.8,51.06,24.35,Low
58.3,2.51,284,27.2,34.04,91.2,Low
54.12,1.78,132,26.1,45.61,81.19,Low
82.93,3.01,217,20.6,61.44,78.56,Low
70.55,3.83,126,8.8,92.55,70.56,High
91.75,3.79,250,5.7,95.18,16.48,High
88.86,3.12,284,37.2,84.01,54.94,Medium
82.37,1.28,126,23.4,33.39,19.9,Medium
88.78,2.3,206,29,89.38,30.48,Medium
66.76,3.87,184,21.2,58.1,51.11,Low
88.44,2.36,295,27.4,96.13,61.79,Medium
42.32,2.7,287,23.9,85.54,64.71,Medium
55.85,2.14,264,33.5,35.82,5.39,Medium
71.25,3.58,98,28.7,87.55,39.39,High
95.52,3.46,278,32.3,74.28,96.65,High
93.54,3.2,209,15.9,50.32,45.98,Medium
52.44,2.2,131,7.3,43.83,61.14,Low
78.18,3.02,137,5.4,54.2,73.84,Medium
87.43,1.07,227,12.4,37.73,17.16,High
58.55,2.65,115,20.3,42.56,41.22,Low
92.94,2.22,210,16.1,43.39,92.6,Medium
86.56,3.29,23,23.2,37.73,37.99,Medium
92.25,1,22,38.8,88.35,99.65,Medium
83.57,1.43,45,21,35.36,15.42,High
90.96,1.02,138,17.2,98.86,71.03,Low
77.27,1.87,79,31.5,59.71,95.78,High
77.93,3.93,180,11.4,59.46,54.95,Medium
55.71,3.1,34,37.7,66.76,81.36,High
86.11,3.75,134,23.9,58.95,76.94,High
67.74,3.18,96,27.8,92.63,22.07,High
90.29,3.56,35,37.7,43.54,1.62,High
63.43,3.28,30,13.7,61.57,96.34,Medium
56.71,2.32,128,2.6,72.96,46.17,Medium
71.69,1.24,278,18.9,83.01,34.05,High
85.76,1.71,194,10.9,96.98,28.07,Medium
86.56,1.49,257,15.6,95.88,93.98,Low
78.07,2.87,20,11.3,80.2,19.76,Medium
91.83,3.43,39,19.4,34.42,68.85,Low
68.05,2.34,185,33.7,49.78,42.16,Low
94.53,1.25,153,5.1,39.77,8.91,Medium
96.02,2.29,152,11.9,72.7,8.68,Medium
41.98,2.04,210,37.8,95.46,30.49,High
62.32,1.08,168,37.6,78.9,14.23,Medium
55.83,1.15,141,6.5,52,4.99,Low
58.29,2.36,192,13.4,63.49,51.65,Medium
97.93,3.44,78,20.3,99.03,80.35,Medium
82.38,3.04,50,34.9,66.88,23.66,High
98.68,2.87,223,10.2,94.18,52,Low
95.52,2.54,240,20.6,68.44,29.17,High
77.1,2.78,274,10.4,68.05,91.09,High
63.07,1.45,94,4.3,41.2,21.52,High
78.21,1.75,207,8.5,79.01,26.75,Medium
92.39,3.61,77,16.1,96.54,73.93,High
77.66,1.41,198,29.2,38.83,93.03,Medium
40.4,2.82,67,25.6,36.74,84.57,High
84.3,2.94,7,34.6,40.83,80.8,Medium
82.7,2.69,272,6.5,38.43,24.97,High
78.06,2.5,136,15.2,84.1,61.23,High
40.73,3.88,257,25.2,46.8,3.7,Medium
99.55,3.36,130,1.3,70.9,55.43,High
94.2,3.16,53,14,85.63,65.5,High
67.82,2.29,212,30.2,66.14,93.91,Medium
52.25,1.01,90,18.1,94.54,64.29,Medium
79.14,3.8,72,21.4,70.88,18.63,High
47.05,1.51,93,36.9,80.85,19.66,Medium
41.27,3.48,163,15.4,31.06,4.1,Medium
60.87,2.67,280,33.4,87.8,93.57,High
54.28,2.15,192,18,92.64,15.28,Low
97.9,2.67,185,18.8,64.31,59.71,Low
51.23,2.45,65,14.4,68.14,36.71,High
53.58,2.82,168,9.1,82.57,56.62,High
63.32,2.95,69,31.5,54.41,68.22,Medium
49.31,3.98,281,34.5,96.22,4.01,Medium
67.87,1.35,241,20,42.26,91.6,Low
78.39,1.65,89,29.4,95.73,0.53,Medium
42.74,3.65,271,16.9,68.84,67.65,Medium
48.42,2.76,63,38.3,95.4,92.4,Medium
82.8,2.34,248,20.4,97.38,62.72,High
40.42,1.13,200,34.9,40.24,73.43,High
93.96,1.73,299,21.6,82.03,43.65,Medium
54.63,3.3,140,24.8,30.96,12.05,Medium
98.6,1.9,246,30.8,45.81,89.06,Medium
67.18,2.01,23,27.9,89.34,13.68,High
76.86,1.64,282,35.8,47.45,5.36,Medium
75.32,3.77,92,21.3,81.09,90.46,Medium
51.05,3.82,168,25.8,77.16,46.49,Low
64.48,2.2,292,27.4,64.97,76.37,Medium
73.35,3.79,108,22.3,74.49,81.86,High
86.66,3.12,203,23.2,84.36,78.01,High
89.84,2.6,165,14.6,48.04,85.15,Medium
78.31,2.3,16,36.8,70.11,26.37,Medium
56.78,1.81,141,28.2,30.81,5.33,High
82.72,3.79,20,1.7,98.2,59.84,Medium
69.62,3.19,128,13.4,58.78,75.72,Low
70.59,1.96,56,11.8,96.03,51.77,Low
86.78,2.74,244,10.7,88.42,93.04,High
94.16,2.4,66,35.9,62.35,71.31,High
62.99,1.33,218,16.3,31.22,60.89,Medium
72.5,3.62,194,35,53.8,53.84,Medium
55.42,2.14,132,18.8,94.63,13.55,High
42.5,3.51,162,4.6,64.15,13.63,High
72.16,2.38,34,28.3,70.06,23.78,Medium
78.05,3.99,244,26.6,66.97,32.46,High
89.68,2.88,190,32.5,43.36,82.82,Low
44.31,2.7,46,20.4,81,12.38,Medium
81.22,2.4,216,14,93.93,67.2,Medium
76.06,2.1,88,17.4,31.44,38.6,Medium
47.56,1.94,181,31.3,32.98,57.68,Medium
60.79,3.31,242,13.6,89.43,71.99,High
99.07,3.56,82,38.6,90.42,37.97,High
95.01,3.09,168,7.9,59.77,8.92,Medium
45.92,2.46,289,28.8,93.13,98.73,Low
89.07,1.59,230,32.1,85.28,13.44,Medium
58.42,3.77,163,4.4,66.66,74.46,High
96.49,2.2,195,6.8,38.15,63.94,Medium
49.54,2.72,265,17.7,89.1,7.5,High
46.43,1.82,13,5,82.3,75.99,Medium
74.46,3.18,54,1.9,91.68,42.06,High
55.8,2.82,267,38.1,50.82,61.23,High
68.67,2.82,86,36.6,48.85,19.84,Low
82.38,3.25,142,3.9,85.04,15.32,Medium
43.06,1.96,35,37.7,30.34,2.17,Medium
68.43,2.85,174,31.3,76.56,68.59,Medium
85.34,3.66,263,14.1,77.86,40.68,Medium
91.71,3.6,123,18.3,37.01,35.82,Low
99.64,1.44,45,11.7,49.09,74.73,High
46.03,2.61,22,34.5,50.5,16.16,Medium
56.18,1.98,231,7.9,96.84,3.23,Medium
87.43,1.17,223,12.5,49.68,71.42,Medium
80.26,3.82,196,4.1,57.85,53.23,Medium
97.34,1.59,282,12.3,79.49,1.13,Medium
93.91,2.01,192,18,59.1,54.41,High
96.92,3.05,57,9.6,49.36,13.87,Medium
59.18,2.02,92,11.1,81.37,2.77,Medium
70.11,1.03,161,5.5,97.39,52.65,Low
96.97,1,203,10.8,93.78,85.05,Medium
45.37,2.77,238,12,67.04,96.87,Medium
42.85,3.24,67,33,60.02,60.75,High
99.95,2.84,147,7.1,95.62,80.95,High
77.75,2.84,165,29.1,90.09,9.12,Low
91.69,3.27,108,20.9,95.79,96.72,High
62.47,3.63,9,22.4,33.74,26.43,Low
49.35,2.2,63,19.5,86.73,83.89,High
80.3,2.36,264,12,61.89,15.7,Medium
82.9,1.77,155,33.3,61.83,29.66,Medium
54.37,2.54,262,34.3,49.03,81.07,Medium
90.44,3.05,28,4.7,83.53,79.99,Medium
79.76,3.62,136,10.2,51.61,62.57,High
84.86,1.49,141,9.7,70.69,32.82,High
94.95,1.27,196,8.8,41.74,99.97,Medium
90.27,2.4,199,34.7,75.6,15.22,High
80.46,1.58,27,13,99.32,93.93,Medium
66.36,3.16,84,12.2,87.01,54.53,Medium
44.06,1.26,201,26.6,63.57,59.84,Low
77.23,1.09,130,12.7,40.93,34.36,High
76.84,2.51,230,15.2,53.01,74.64,Medium
58.02,1.94,33,4.7,57.26,41.74,High
51.4,3.1,118,1.7,64.78,6.57,Medium
71.1,2,253,39.2,64.33,39.17,Medium
46.85,2.07,164,23.6,96.09,66.98,Medium
41.74,2.95,138,29.4,52.01,44.06,Low
77.52,3.39,12,37.1,46.09,14.41,High
87.59,2.22,268,15.7,65.23,62.26,Low
58.51,3.69,255,20.5,98.05,39.35,High
74.8,3.71,158,37.8,79.84,50.49,Low
43.38,1.39,44,35.7,92.53,93.13,Medium
40.15,3.04,227,16.2,92.05,60.39,Medium
61.76,1.5,86,21.1,45.62,52.28,Medium
93.95,3.23,254,32,37.16,1.19,Medium
70.54,1.4,109,14.7,50.28,91.17,Medium
73.22,2.53,94,26.7,92.37,88.76,Low
98.58,3.85,262,35.4,39.66,53.53,High
48.72,2.5,233,15.2,84.47,60.83,Medium
41.85,2.86,83,35.2,91.13,9.54,Low
43.02,1.36,159,35.5,37.54,3.48,Medium
90.25,1.13,122,8.1,94.13,50.59,High
40.81,3.41,92,7.1,91.21,73.89,Medium
79.55,1.42,163,8.6,64.96,81.12,Medium
49.75,1.41,195,13.7,83.21,52.87,Medium
46.82,2.71,273,8.9,82.06,43.24,High
51.79,2.63,194,24.4,43.86,19.37,High
99.63,3.62,151,13,87.83,88.9,Low
76.53,1.42,258,6,95.1,35.05,Medium
69.87,2.68,28,14.2,85.22,77.94,Medium
64.85,1.69,116,21.8,47.16,95.64,Low
84.9,2.78,142,28.8,77.1,60.68,Medium
49.14,3.64,36,39.3,79.91,18.45,High
75.9,1.32,248,26.9,82.44,98.25,High
98.06,3.55,232,1.5,50.32,67.63,Medium
47.82,3.57,162,10.1,96.7,31.01,Medium
75.86,3.71,188,21.4,33.37,4.11,Low
69.99,2.11,292,3,33.89,1.64,High
88.04,2.92,167,25.7,92.83,73.83,Medium
56.3,2.88,113,7.2,43.25,50.72,Medium
42.97,3,272,1.5,49.04,55.58,Medium
53.73,2.97,222,13,96.3,54.13,High
44.76,2.23,194,10,44.49,37.61,Medium
45.14,3.62,59,18.9,51.23,70.44,High
87,1.82,29,6,80.91,70.74,High
44.29,3.67,143,21.4,69.2,68.84,Low
56.36,1.46,262,30.6,63.45,27.82,High
62.91,1.42,160,19.8,57.3,47.67,Medium
84.32,1.89,26,39.9,50.16,55.8,Medium
69.43,2.83,279,33.1,80.88,57.61,High
82.66,2.72,13,29.9,77.72,99.2,High
81.43,3.66,227,12.8,37.92,63,High
77.03,3.19,213,5.7,51.34,92.41,Low
80.86,2.84,298,11,75.1,7.48,High
71.23,2.34,220,39.3,43.05,68.08,Medium
40.4,2.12,83,17,84.1,27.25,High
49.55,1.42,268,29.6,36.61,33.13,Medium
43.24,2.96,228,10.3,68.2,91.69,High
98.16,3.44,84,36.4,70.58,51.55,High
76.83,3.1,51,10.6,47.58,46.26,Medium
98.28,3.9,181,38.6,47.65,42.82,Medium
45.72,3.21,288,26,97.42,36.98,Medium
74.53,3.14,136,1.3,68.36,14.37,Medium
90.1,2.02,139,12.8,32.63,49.86,Low
54.51,3.84,106,34.8,59.78,29.7,Medium
92.26,1.05,39,29.7,71.89,30.36,Medium
41.72,1.27,146,34.7,83.55,77.26,Medium
93.24,2.04,272,39.4,50.06,81.99,Medium
91.32,2.71,204,16.4,50.89,15.29,Medium
59.61,2.43,281,4.8,95.39,26.21,High
94.1,2.76,90,14.7,97.2,0.58,High
71.12,2.93,114,38.6,56.27,67.38,Medium
50.3,1.5,53,10.5,65.8,69.4,Medium
87.83,2.37,291,6.1,33.48,1.23,High
53.03,2.62,160,16.5,31.96,47.29,Medium
90.7,2.26,129,22.3,86.49,45.54,Medium
67.83,2.46,198,37.9,98.77,28.81,Medium
45.16,1.65,139,36.3,51.03,39.5,High
46.85,3.63,7,21.7,30.32,37.67,Medium
46.78,2.08,113,32.1,52.29,43.46,High
86.79,1.59,170,15.7,67.22,92.07,High
40.48,2.75,123,8.8,81.81,85.57,Low
42.54,2.71,234,35.7,32.55,45.47,Medium
96.92,3.45,230,11.3,94.02,34.27,High
57.35,2.81,70,10.6,41.09,42.64,High
53.79,3.61,223,25.8,68.45,91,High
91.09,2.12,43,23.8,54.34,43.52,Low
96.28,3.2,285,4.5,58.33,18.78,Low
68.2,3.24,86,5.1,86.66,65.09,High
44.2,3.53,80,21.6,73.44,1.59,Medium
70.58,2.63,220,18,98.5,44.25,High
81.89,3.26,73,23.3,60.96,37.62,Medium
68.28,2.49,122,13.5,55.12,52.33,Medium
84.77,3.85,171,36.2,91.68,68.74,High
71.62,3.42,232,24.9,91.67,82.9,Medium
76.37,1.54,35,13.8,33.97,66.99,High
80.53,1.91,229,39.5,35.51,66.62,Low
52.08,2.2,265,26.2,43.45,25.34,High
44.23,3.55,183,6.5,43.94,97.29,Medium
42.19,1.72,208,36,69.88,71.88,Medium
70.57,2.11,218,15.3,51.28,39.48,High
54.66,2.42,299,21,55.61,77.13,Low
69.19,1.04,117,16.2,33.33,3.35,Medium
47.53,2.94,130,8.7,39.43,10.94,High
60.85,3.28,231,30.2,57.06,90.26,High
83.08,3.4,169,36.7,45.64,8.32,Low
56.06,2.54,278,9.5,75.97,26.36,Medium
96.33,3.86,243,39.4,69.26,78.94,Medium
72.94,1.52,204,6,69.78,20.5,Low
62.33,3.48,62,6.6,52.96,90.72,High
53.2,2.08,119,32.8,31.83,96.37,Medium
69.54,1.91,272,9,78.4,40.24,Low
58.68,3.52,299,36.3,76.69,71.14,Low
76.38,1.07,212,9.5,90.19,0.01,Low
71.5,3.3,235,34.3,43.48,27.73,High
